-- MySQL dump 10.16  Distrib 10.1.48-MariaDB, for debian-linux-gnu (x86_64)
--
-- Host: localhost    Database: db
-- ------------------------------------------------------
-- Server version	10.1.48-MariaDB-0+deb9u2

/*!40101 SET @OLD_CHARACTER_SET_CLIENT=@@CHARACTER_SET_CLIENT */;
/*!40101 SET @OLD_CHARACTER_SET_RESULTS=@@CHARACTER_SET_RESULTS */;
/*!40101 SET @OLD_COLLATION_CONNECTION=@@COLLATION_CONNECTION */;
/*!40101 SET NAMES utf8mb4 */;
/*!40103 SET @OLD_TIME_ZONE=@@TIME_ZONE */;
/*!40103 SET TIME_ZONE='+00:00' */;
/*!40014 SET @OLD_UNIQUE_CHECKS=@@UNIQUE_CHECKS, UNIQUE_CHECKS=0 */;
/*!40014 SET @OLD_FOREIGN_KEY_CHECKS=@@FOREIGN_KEY_CHECKS, FOREIGN_KEY_CHECKS=0 */;
/*!40101 SET @OLD_SQL_MODE=@@SQL_MODE, SQL_MODE='NO_AUTO_VALUE_ON_ZERO' */;
/*!40111 SET @OLD_SQL_NOTES=@@SQL_NOTES, SQL_NOTES=0 */;

--
-- Table structure for table `dbo.ADDRESS`
--

DROP TABLE IF EXISTS `dbo.ADDRESS`;
/*!40101 SET @saved_cs_client     = @@character_set_client */;
/*!40101 SET character_set_client = utf8 */;
CREATE TABLE `dbo.ADDRESS` (
  `ID` mediumint(9) DEFAULT NULL,
  `USERID` smallint(6) DEFAULT NULL,
  `COUNTRYID` tinyint(4) DEFAULT NULL,
  `CITYID` tinyint(4) DEFAULT NULL,
  `TOWNID` smallint(6) DEFAULT NULL,
  `DISTRICTID` mediumint(9) DEFAULT NULL,
  `POSTALCODE` mediumint(9) DEFAULT NULL,
  `ADDRESSTEXT` varchar(107) DEFAULT NULL
) ENGINE=InnoDB DEFAULT CHARSET=utf8mb4;
/*!40101 SET character_set_client = @saved_cs_client */;

--
-- Dumping data for table `dbo.ADDRESS`
--

LOCK TABLES `dbo.ADDRESS` WRITE;
/*!40000 ALTER TABLE `dbo.ADDRESS` DISABLE KEYS */;
INSERT INTO `dbo.ADDRESS` VALUES (1,1,1,41,252,21839,100231,'İHSANİYE MERKEZ MAH.4375.. SOKAK NO:607 100231 GÖLCÜK/KOCAELİ'),(2,1,1,71,363,10598,116027,'FATİH MAH.2757. SOKAK NO:856 116027 KIRIKKALE MERKEZ/KIRIKKALE'),(3,1,1,59,148,38857,110896,'GAZİ MUSTAFA KEMALPAŞA MAH.KARACAN SOKAK NO:160 110896 ÇERKEZKÖY/TEKİRDAĞ'),(4,1,1,15,114,14048,85599,'KONAK MAH.HAMİT ÇİNE CADDESİ SOKAK NO:673 85599 BURDUR MERKEZ/BURDUR'),(5,2,1,35,712,44670,96650,'ATAMER MAH.2581. SOKAK NO:529 96650 KONAK/İZMİR'),(6,3,1,34,969,27175,119342,'FATIH MAH.PLEVNE CADDESİ SOKAK NO:563 119342 SANCAKTEPE/İSTANBUL'),(7,4,1,32,298,42719,94569,'FATİH MAH.4583. SOKAK NO:46 94569 ISPARTA MERKEZ/ISPARTA'),(8,4,1,16,428,15138,86730,'YALINTAŞ-ATATÜRK MAH.51. SOKAK NO:694 86730 MUSTAFAKEMALPAŞA/BURSA'),(9,5,1,32,592,43060,94921,'KABAAĞAÇ MAH.GAZİ BULVARI SOKAK NO:101 94921 ULUBORLU/ISPARTA'),(10,5,1,51,100,34216,106219,'ÇUKURKUYU-CAMİ MAH.ÇİÇEKLİBELİ SOKAK NO:258 106219 BOR/NİĞDE'),(11,6,1,20,733,17514,89159,'PINARCIK MAH.BALTALAR SOKAK NO:609 89159 SERİNHİSAR/DENİZLİ'),(12,6,1,35,712,44737,96717,'SÜMER MAH.440. SOKAK NO:506 96717 KONAK/İZMİR'),(13,6,1,19,311,16532,88131,'MUSULAR KÖYÜ MAH.MERKEZ MEVKİ SOKAK NO:44 88131 İSKİLİP/ÇORUM'),(14,7,1,35,901,44616,96596,'SEVGİ MAH.87. SOKAK NO:377 96596 GAZİEMİR/İZMİR'),(15,7,1,66,528,9402,114811,'DOĞANKENT-AKSARAY MAH.ATATÜRK CADDESİ SOKAK NO:730 114811 SORGUN/YOZGAT'),(16,7,1,61,441,7075,112450,'ULUAĞAÇ KÖYÜ MAH.MERKEZ C MEVKİ SOKAK NO:209 112450 OF/TRABZON'),(17,7,1,59,156,38910,110954,'MİSİNLİ-KALE MAH.İSTİKLAL CADDESİ SOKAK NO:649 110954 ÇORLU/TEKİRDAĞ'),(18,8,1,33,558,43631,95504,'CAMİNUR MAH.0802. SOKAK NO:161 95504 TARSUS/MERSİN'),(19,8,1,42,297,22798,101280,'ŞIHBEDRETTİN MAH.396. SOKAK NO:737 101280 ILGIN/KONYA'),(20,9,1,20,2,17057,88689,'YENİ MAH.BADEMKENT KÜME EVLERİ SOKAK NO:662 88689 ACIPAYAM/DENİZLİ'),(21,9,1,16,725,14431,85995,'BAŞARAN MAH.1.GÜZ SOKAK NO:314 85995 OSMANGAZİ/BURSA'),(22,10,1,66,140,9164,114571,'EVCİLER-GÜLTEPE MAH.PAPATYA SOKAK NO:363 114571 ÇAYIRALAN/YOZGAT'),(23,11,1,77,911,11901,117367,'TAVŞANLI-ŞEHİTLİK MAH.BAHATTİN AÇIKEL SOKAK NO:344 117367 ALTINOVA/YALOVA'),(24,12,1,61,40,6670,112040,'YOLGÖREN MAH.DİLEK SOKAK NO:570 112040 ARAKLI/TRABZON'),(25,12,1,68,20,9943,115359,'HASHAS MAH.6662. SOKAK NO:688 115359 AKSARAY MERKEZ/AKSARAY'),(26,12,1,34,233,44035,95978,'SARIGÖL MAH.BEKCI SOKAK NO:721 95978 GAZİOSMANPAŞA/İSTANBUL'),(27,13,1,48,96,4899,76297,'MUMCULAR-YENİ MAH.160. SOKAK NO:230 76297 BODRUM/MUĞLA'),(28,13,1,34,904,44154,96098,'İDEALTEPE MAH.ALİ REİS SOKAK NO:215 96098 MALTEPE/İSTANBUL'),(29,13,1,6,817,49961,81628,'ESENTEPE MAH.ERDOĞAN SOKAK NO:293 81628 EVREN/ANKARA'),(30,13,1,9,58,51257,82971,'İSTİKLAL MAH.1083. SOKAK NO:865 82971 AYDIN MERKEZ/AYDIN'),(31,15,1,69,75,10206,115628,'GENÇOSMAN MAH.9 NOLU SOKAK NO:684 115628 BAYBURT MERKEZ/BAYBURT'),(32,15,1,18,658,15753,87347,'ÇARDAKLI-CUMHURİYET MAH.ABDULHALUK RENDA CADDESİ SOKAK NO:837 87347 ATKARACALAR/ÇANKIRI'),(33,15,1,35,961,27255,119422,'LİMONTEPE MAH.9730. SOKAK NO:625 119422 KARABAĞLAR/İZMİR'),(34,15,1,17,224,3245,74619,'GEYİKLİ-HÜRRİYET MAH.BARIŞ SOKAK NO:137 74619 EZİNE/ÇANAKKALE'),(35,16,1,33,994,27578,119753,'PALMİYE MAH.1208. SOKAK NO:577 119753 YENİŞEHİR/MERSİN'),(36,16,1,7,509,3169,74543,'YUMAKLAR KÖYÜ MAH.AKÇALAR MEVKİ SOKAK NO:247 74543 SERİK/ANTALYA'),(37,17,1,54,1004,27678,119859,'CUMHURİYET MAH.KAYIN SOKAK NO:87 119859 ADAPAZARI/SAKARYA'),(38,17,1,18,448,16031,87626,'DODURGA-HAMAMÖNÜ MAH.BAYINDIR CADDESİ SOKAK NO:295 87626 ORTA/ÇANKIRI'),(39,17,1,21,986,26836,119000,'FERİT KÖŞK MAH.389. SOKAK NO:747 119000 YENİŞEHİR/DİYARBAKIR'),(40,18,1,1,4,46479,78102,'ONUR MAH.45197. SOKAK NO:696 78102 SEYHAN/ADANA'),(41,18,1,63,93,7654,113050,'ÜNSAL KÖYÜ MAH.NAMAZLI (1) MEZRASI SOKAK NO:377 113050 BİRECİK/ŞANLIURFA'),(42,18,1,48,425,30854,123056,'YERKESİK-AKINCI MAH.505 NOLU SOKAK NO:244 123056 MUĞLA MERKEZ/MUĞLA'),(43,19,1,58,377,38466,110500,'AKSEKİ KÖYÜ MAH.YUKARI AĞILLAR SOKAK NO:248 110500 KOYULHİSAR/SİVAS'),(44,20,1,51,437,34096,106095,'FERTEK-BAHÇELİEVLER MAH.KUMLUCA 11 SOKAK NO:777 106095 NİĞDE MERKEZ/NİĞDE'),(45,20,1,6,638,49421,81074,'ADNAN MENDERES MAH.1061. SOKAK NO:275 81074 KEÇİÖREN/ANKARA'),(46,20,1,41,235,21791,100179,'HÜRRİYET MAH.2066. SOKAK NO:676 100179 GEBZE/KOCAELİ'),(47,20,1,9,390,2066,73431,'DAVUTLAR-YENİ MAH.SOMYÜREK SOKAK NO:591 73431 KUŞADASI/AYDIN'),(48,21,1,59,148,38864,110905,'KAPAKLI-CUMHURİYET MAH.KOSOVA SOKAK NO:338 110905 ÇERKEZKÖY/TEKİRDAĞ'),(49,22,1,48,164,33253,105236,'REŞADİYE MAH.HIZIRŞAH YOLU SOKAK NO:212 105236 DATÇA/MUĞLA'),(50,22,1,43,564,23849,102346,'TUNÇBİLEK-TUNÇBİLEK-DEMİRBİLEK MAH.YENİYURT CADDESİ SOKAK NO:82 102346 TAVŞANLI/KÜTAHYA'),(51,23,1,3,179,47900,79542,'BELENPINAR KÖYÜ MAH.KÖYÜN KENDİSİ SOKAK NO:99 79542 DİNAR/AFYONKARAHİSAR'),(52,23,1,15,254,32937,126293,'YUSUFÇA-YUKARI MAH.ÖREN SOKAK NO:803 126293 GÖLHİSAR/BURDUR'),(53,23,1,9,892,51427,83144,'CUMHURİYET MAH.1072. SOKAK NO:467 83144 DİDİM/AYDIN'),(54,23,1,41,714,21955,100347,'CUMHURİYET MAH.ÖĞRETMEN SOKAK NO:99 100347 KÖRFEZ/KOCAELİ'),(55,24,1,61,13,6599,111961,'AKPINAR-MERKEZ MAH.SIRT MEZRASI KÜME EVLERİ SOKAK NO:701 111961 AKÇAABAT/TRABZON'),(56,25,1,63,523,7925,113321,'DİCLE MAH.DİCLE 31. SOKAK NO:163 113321 SİVEREK/ŞANLIURFA'),(57,27,1,3,8,47512,79152,'HAMİDİYE MAH.ŞEHİT MUSTAFA SEZER SOKAK NO:428 79152 AFYONKARAHİSAR MERKEZ/AFYONKARAHİSAR'),(58,28,1,10,189,52085,83830,'BOZYOKUŞ MAH.HAL SOKAK NO:585 83830 DURSUNBEY/BALIKESİR'),(59,28,1,16,725,14454,86020,'HÜDAVENDİGAR MAH.4.ARMUT SOKAK NO:233 86020 OSMANGAZİ/BURSA'),(60,29,1,6,639,49492,81145,'EKİN MAH.1600/4 SOKAK NO:577 81145 MAMAK/ANKARA'),(61,29,1,7,376,1549,72913,'YEŞİLYAYLA-ORTA MAH.229. SOKAK NO:642 72913 KORKUTELİ/ANTALYA'),(62,29,1,34,225,43975,95861,'BEYAZIT MAH.ÇARŞIKAPI NUR-U OSMANİYE CADDESİ SOKAK NO:14 95861 FATİH/İSTANBUL'),(63,30,1,53,126,35315,107331,'MURATKÖY MAH.KUZEY BAYIR MEVKİ SOKAK NO:691 107331 ÇAMLIHEMŞİN/RİZE'),(64,30,1,29,352,41845,93685,'ATATÜRK MAH.TUNÇ SOKAK NO:560 93685 KELKİT/GÜMÜŞHANE'),(65,30,1,42,272,22708,101190,'TAŞPINAR MAH.ALİEFENDİ YAYLASI KÜME EVLERİ SOKAK NO:82 101190 HADİM/KONYA'),(66,30,1,35,102,44510,96488,'YILDIRIM BEYAZIT MAH.5142. SOKAK NO:210 96488 BORNOVA/İZMİR'),(67,31,1,17,237,15589,87183,'ALAEDDİN MAH.KAPTANLAR 4. GEÇİT SOKAK NO:641 87183 GELİBOLU/ÇANAKKALE'),(68,31,1,56,468,37354,109382,'ŞAKİRAN MAH.GÜNEŞ SOKAK NO:662 109382 PERVARİ/SİİRT'),(69,31,1,66,528,9355,114764,'YAZLAK MAH.1725. SOKAK NO:679 114764 SORGUN/YOZGAT'),(70,32,1,31,780,42370,94228,'ŞENBÜK KÖYÜ MAH.9 NOLU YOL CADDESİ SOKAK NO:145 94228 BELEN/HATAY'),(71,32,1,52,599,35112,107124,'YAZKONAĞI KÖYÜ MAH.LAHNA MEVKİ SOKAK NO:687 107124 ÜNYE/ORDU'),(72,32,1,27,734,40515,92350,'VATAN MAH.93006. SOKAK NO:218 92350 ŞAHİNBEY/GAZİANTEP'),(73,32,1,23,524,18874,90540,'GÖLBAŞI MAH.FATİH SULTAN MEHMET CADDESİ SOKAK NO:43 90540 SİVRİCE/ELAZIĞ'),(74,33,1,1,981,26754,118918,'İSTİKLAL MAH.3944. SOKAK NO:594 118918 SARIÇAM/ADANA'),(75,33,1,35,575,32939,126295,'KAZIM KARABEKİR MAH.6909. SOKAK NO:81 126295 TORBALI/İZMİR'),(76,33,1,34,968,27157,119324,'İSTİKLAL MAH.NUR SOKAK NO:310 119324 ESENYURT/İSTANBUL'),(77,34,1,6,616,49625,81282,'KORU MAH.2584. SOKAK NO:191 81282 YENİMAHALLE/ANKARA'),(78,34,1,66,548,9460,114870,'H.BAYRAM KARABULUT MAH.KİRMAN SOKAK NO:288 114870 ŞEFAATLİ/YOZGAT'),(79,34,1,6,639,49489,81142,'DURALİ ALIÇ MAH.994. SOKAK NO:677 81142 MAMAK/ANKARA'),(80,35,1,67,634,6465,77871,'ÇATALAĞZI-MERKEZ MAH.UĞUR MUMCU SOKAK NO:796 77871 ZONGULDAK MERKEZ/ZONGULDAK'),(81,36,1,66,528,9354,114763,'OSMANÇAVUŞ MAH.5408. SOKAK NO:885 114763 SORGUN/YOZGAT'),(82,36,1,77,609,11881,117347,'SAMANLI KÖYÜ MAH.91. SOKAK NO:239 117347 YALOVA MERKEZ/YALOVA'),(83,36,1,10,60,524,71865,'ALTINOVA-MERKEZ MAH.HÜKÜMET CADDESİ SOKAK NO:685 71865 AYVALIK/BALIKESİR'),(84,36,1,59,718,38973,111017,'CEDİT ALİ PAŞA MAH.SEYMEN YOLU CADDESİ SOKAK NO:225 111017 MARMARAEREĞLİSİ/TEKİRDAĞ'),(85,37,1,32,298,42732,94582,'KURTULUŞ MAH.122. CADDESİ SOKAK NO:600 94582 ISPARTA MERKEZ/ISPARTA'),(86,37,1,34,675,44361,96337,'CELALİYE MAH.GÜNAYDIN SOKAK NO:800 96337 BÜYÜKÇEKMECE/İSTANBUL'),(87,39,1,67,211,9791,115204,'BELENYENİ MAH.II.KÜÇÜK SANAYİ SİTESİ C BLOK SOKAK NO:359 115204 EREĞLİ/ZONGULDAK/ZONGULDAK'),(88,39,1,31,280,4331,75722,'ÇEKMECE-GÜLTEPE MAH.233. SOKAK NO:449 75722 HATAY MERKEZ/HATAY'),(89,39,1,7,704,50728,82416,'BÜYÜKKUM MAH.KUMDAĞI CADDESİ SOKAK NO:376 82416 DEMRE/ANTALYA'),(90,40,1,16,722,14353,85909,'ALTIN ŞEHİR MAH.231. SOKAK NO:534 85909 NİLÜFER/BURSA'),(91,41,1,16,725,14430,85994,'BAĞLARBAŞI MAH.4.GÜR SOKAK NO:796 85994 OSMANGAZİ/BURSA'),(92,42,1,68,20,29211,121402,'SULTANHANI-TÜRKİSTANLILAR MAH.226 NOLU SOKAK NO:336 121402 AKSARAY MERKEZ/AKSARAY'),(93,42,1,41,995,27290,119457,'KARŞIYAKA MAH.EFRAN SOKAK NO:759 119457 BAŞİSKELE/KOCAELİ'),(94,42,1,10,281,52296,84043,'YENİ MAH.50. SOKAK NO:813 84043 HAVRAN/BALIKESİR'),(95,42,1,3,8,47622,79262,'SALAR-BARBAROS MAH.OSMANLI SOKAK NO:104 79262 AFYONKARAHİSAR MERKEZ/AFYONKARAHİSAR'),(96,43,1,21,176,17875,89520,'ÇELEBİ MAH.FEYZAN SOKAK NO:603 89520 DİCLE/DİYARBAKIR'),(97,43,1,35,456,792,72137,'BADEMLİ-AKÇALI MAH.TOPTEPE SOKAK NO:529 72137 ÖDEMİŞ/İZMİR'),(98,43,1,10,501,52464,84211,'GÜVEMKÜÇÜKTARLA KÖYÜ MAH.KIRCALAR MEVKİ SOKAK NO:419 84211 SAVAŞTEPE/BALIKESİR'),(99,43,1,6,616,49651,81309,'ÜMİT MAH.2542. SOKAK NO:788 81309 YENİMAHALLE/ANKARA'),(100,44,1,16,240,14654,86223,'GENÇALİ MAH.85.(KUMSAZ) SOKAK NO:722 86223 GEMLİK/BURSA');
/*!40000 ALTER TABLE `dbo.ADDRESS` ENABLE KEYS */;
UNLOCK TABLES;

--
-- Table structure for table `dbo.CITIES`
--

DROP TABLE IF EXISTS `dbo.CITIES`;
/*!40101 SET @saved_cs_client     = @@character_set_client */;
/*!40101 SET character_set_client = utf8 */;
CREATE TABLE `dbo.CITIES` (
  `ID` tinyint(4) DEFAULT NULL,
  `COUNTRYID` tinyint(4) DEFAULT NULL,
  `CITY` varchar(14) DEFAULT NULL
) ENGINE=InnoDB DEFAULT CHARSET=utf8mb4;
/*!40101 SET character_set_client = @saved_cs_client */;

--
-- Dumping data for table `dbo.CITIES`
--

LOCK TABLES `dbo.CITIES` WRITE;
/*!40000 ALTER TABLE `dbo.CITIES` DISABLE KEYS */;
INSERT INTO `dbo.CITIES` VALUES (1,1,'ADANA'),(2,1,'ADIYAMAN'),(3,1,'AFYONKARAHİSAR'),(4,1,'AĞRI'),(5,1,'AMASYA'),(6,1,'ANKARA'),(7,1,'ANTALYA'),(8,1,'ARTVİN'),(9,1,'AYDIN'),(10,1,'BALIKESİR'),(11,1,'BİLECİK'),(12,1,'BİNGÖL'),(13,1,'BİTLİS'),(14,1,'BOLU'),(15,1,'BURDUR'),(16,1,'BURSA'),(17,1,'ÇANAKKALE'),(18,1,'ÇANKIRI'),(19,1,'ÇORUM'),(20,1,'DENİZLİ'),(21,1,'DİYARBAKIR'),(22,1,'EDİRNE'),(23,1,'ELAZIĞ'),(24,1,'ERZİNCAN'),(25,1,'ERZURUM'),(26,1,'ESKİŞEHİR'),(27,1,'GAZİANTEP'),(28,1,'GİRESUN'),(29,1,'GÜMÜŞHANE'),(30,1,'HAKKARİ'),(31,1,'HATAY'),(32,1,'ISPARTA'),(33,1,'MERSİN'),(34,1,'İSTANBUL'),(35,1,'İZMİR'),(36,1,'KARS'),(37,1,'KASTAMONU'),(38,1,'KAYSERİ'),(39,1,'KIRKLARELİ'),(40,1,'KIRŞEHİR'),(41,1,'KOCAELİ'),(42,1,'KONYA'),(43,1,'KÜTAHYA'),(44,1,'MALATYA'),(45,1,'MANİSA'),(46,1,'KAHRAMANMARAŞ'),(47,1,'MARDİN'),(48,1,'MUĞLA'),(49,1,'MUŞ'),(50,1,'NEVŞEHİR'),(51,1,'NİĞDE'),(52,1,'ORDU'),(53,1,'RİZE'),(54,1,'SAKARYA'),(55,1,'SAMSUN'),(56,1,'SİİRT'),(57,1,'SİNOP'),(58,1,'SİVAS'),(59,1,'TEKİRDAĞ'),(60,1,'TOKAT'),(61,1,'TRABZON'),(62,1,'TUNCELİ'),(63,1,'ŞANLIURFA'),(64,1,'UŞAK'),(65,1,'VAN'),(66,1,'YOZGAT'),(67,1,'ZONGULDAK'),(68,1,'AKSARAY'),(69,1,'BAYBURT'),(70,1,'KARAMAN'),(71,1,'KIRIKKALE'),(72,1,'BATMAN'),(73,1,'ŞIRNAK'),(74,1,'BARTIN'),(75,1,'ARDAHAN'),(76,1,'IĞDIR'),(77,1,'YALOVA'),(78,1,'KARABÜK'),(79,1,'KİLİS'),(80,1,'OSMANİYE'),(81,1,'DÜZCE');
/*!40000 ALTER TABLE `dbo.CITIES` ENABLE KEYS */;
UNLOCK TABLES;

--
-- Table structure for table `dbo.COUNTRIES`
--

DROP TABLE IF EXISTS `dbo.COUNTRIES`;
/*!40101 SET @saved_cs_client     = @@character_set_client */;
/*!40101 SET character_set_client = utf8 */;
CREATE TABLE `dbo.COUNTRIES` (
  `ID` tinyint(4) DEFAULT NULL,
  `COUNTRY` varchar(7) DEFAULT NULL
) ENGINE=InnoDB DEFAULT CHARSET=utf8mb4;
/*!40101 SET character_set_client = @saved_cs_client */;

--
-- Dumping data for table `dbo.COUNTRIES`
--

LOCK TABLES `dbo.COUNTRIES` WRITE;
/*!40000 ALTER TABLE `dbo.COUNTRIES` DISABLE KEYS */;
INSERT INTO `dbo.COUNTRIES` VALUES (1,'TÜRKİYE');
/*!40000 ALTER TABLE `dbo.COUNTRIES` ENABLE KEYS */;
UNLOCK TABLES;

--
-- Table structure for table `dbo.DISTRICTS`
--

DROP TABLE IF EXISTS `dbo.DISTRICTS`;
/*!40101 SET @saved_cs_client     = @@character_set_client */;
/*!40101 SET character_set_client = utf8 */;
CREATE TABLE `dbo.DISTRICTS` (
  `ID` mediumint(9) DEFAULT NULL,
  `TOWNID` smallint(6) DEFAULT NULL,
  `DISTRICT` varchar(42) DEFAULT NULL
) ENGINE=InnoDB DEFAULT CHARSET=utf8mb4;
/*!40101 SET character_set_client = @saved_cs_client */;

--
-- Dumping data for table `dbo.DISTRICTS`
--

LOCK TABLES `dbo.DISTRICTS` WRITE;
/*!40000 ALTER TABLE `dbo.DISTRICTS` DISABLE KEYS */;
INSERT INTO `dbo.DISTRICTS` VALUES (1,20,'ACIPINAR-BAHÇELİEVLER MAH.'),(2,20,'ACIPINAR-CERİT MAH.'),(3,20,'ACIPINAR-FATİH MAH.'),(4,20,'ALTINKAYA-BİRLİK MAH.'),(5,20,'ALTINKAYA-KALE MAH.'),(6,20,'ALTINKAYA-YENİ MAH.'),(7,20,'ALTINKAYA-ŞAHİNLER MAH.'),(8,20,'BAYMIŞ KÖYÜ'),(9,20,'BOSTANLIK KÖYÜ'),(10,20,'BOYALI KÖYÜ'),(11,20,'BÜYÜKGÜVE KÖYÜ'),(12,20,'ÇAVDARLILAR KÖYÜ'),(13,20,'ÇOLAKNEBİ KÖYÜ'),(14,20,'FATMAUŞAĞI KÖYÜ'),(15,20,'KÜÇÜKGÜVE KÖYÜ'),(16,20,'MACARLI KÖYÜ'),(17,20,'NURGÖZ KÖYÜ'),(18,20,'SAPMAZ KÖYÜ'),(19,20,'SARAYHAN-BEYAZSARAY MAH.'),(20,20,'SARAYHAN-HANOBASI MAH.'),(21,483,'ADALA-ATATÜRK MAH.'),(22,483,'ADALA-CAMİ MAH.'),(23,483,'ADALA-DOĞANLAR MAH.'),(24,483,'AKÇAKÖY'),(25,483,'AKÖREN KÖYÜ'),(26,483,'AKYAR KÖYÜ'),(27,483,'BEKTAŞLAR KÖYÜ'),(28,483,'ÇAPAKLI KÖYÜ'),(29,483,'ÇAYKÖY'),(30,483,'ÇÖKELEK KÖYÜ'),(31,483,'DELİBAŞLI KÖYÜ'),(32,483,'DERBENT KÖYÜ'),(33,483,'DOMBAYLI KÖYÜ'),(34,483,'DURASILLI-ATATÜRK MAH.'),(35,483,'DURASILLI-EVREN MAH.'),(36,483,'DURASILLI-MESİR MAH.'),(37,483,'ELDELEK KÖYÜ'),(38,483,'EMİNBEY KÖYÜ'),(39,483,'EMİRHACILI KÖYÜ'),(40,483,'GÖKEYÜP-ATATÜRK MAH.'),(41,483,'HACIHIDIR KÖYÜ'),(42,483,'HACIKÖSELİ KÖYÜ'),(43,483,'HACILI KÖYÜ'),(44,483,'İĞDECİK KÖYÜ'),(45,483,'KALE KÖYÜ'),(46,483,'KAPLAN KÖYÜ'),(47,483,'KARASAVCI KÖYÜ'),(48,483,'KARAYAHŞİ KÖYÜ'),(49,483,'KEMERDAMLARI KÖYÜ'),(50,483,'KEMER KÖYÜ'),(51,483,'KENDİRLİK KÖYÜ'),(52,483,'KIRDAMLARI KÖYÜ'),(53,483,'KIZILHAVLU KÖYÜ'),(54,483,'KURTTUTAN KÖYÜ'),(55,483,'MAMATLI KÖYÜ'),(56,483,'MERSİNLİ-MERKEZ MAH.'),(57,483,'MEVLUTLU KÖYÜ'),(58,483,'ORAKLAR KÖYÜ'),(59,483,'ORTAKÖY'),(60,483,'PAZARKÖY'),(61,483,'POYRAZ KÖYÜ'),(62,483,'POYRAZDAMLARI-CUMHURİYET MAH.'),(63,483,'SİNDEL KÖYÜ'),(64,483,'SÜLEYMANİYE KÖYÜ'),(65,483,'TEKELİOĞLU KÖYÜ'),(66,483,'TORUNLU KÖYÜ'),(67,483,'ÜÇTEPE KÖYÜ'),(68,483,'YAĞBASAN KÖYÜ'),(69,483,'YEŞİLOVA KÖYÜ'),(70,213,'AHMETLİ B.M KÖYÜ'),(71,213,'AZIKLI KÖYÜ'),(72,213,'BEREKETLİ KÖYÜ'),(73,213,'CANVEREN KÖYÜ'),(74,213,'DOĞANKÖY'),(75,213,'GÖZLÜ KÖYÜ'),(76,213,'GÜLERCE KÖYÜ'),(77,213,'GÜZELYURT KÖYÜ'),(78,213,'HANÇERLİ KÖYÜ'),(79,213,'KOYUNALAN KÖYÜ'),(80,213,'OLGUN KÖYÜ'),(81,213,'SESVERENPINAR KÖYÜ'),(82,213,'YENİKÖY'),(83,476,'AKARSU B.M KÖYÜ'),(84,476,'AŞUT KÖYÜ'),(85,476,'AYDOĞAN KÖYÜ'),(86,476,'BİÇER KÖYÜ'),(87,476,'ÇAVUŞ KÖYÜ'),(88,476,'GEMECİK KÖYÜ'),(89,476,'KADIKÖY'),(90,476,'KANDİL KÖYÜ'),(91,476,'KANLITAŞ KÖYÜ'),(92,476,'KARASU KÖYÜ'),(93,476,'KAYI KÖYÜ'),(94,476,'KONAKKÖY'),(95,476,'ASLANYUSUF KÖYÜ'),(96,476,'ORTAGÖZE KÖYÜ'),(97,476,'ŞAİP KÖYÜ'),(98,476,'SALUR KÖYÜ'),(99,476,'SARHAN KÖYÜ'),(100,476,'TUZLUÇAYIR KÖYÜ');
/*!40000 ALTER TABLE `dbo.DISTRICTS` ENABLE KEYS */;
UNLOCK TABLES;

--
-- Table structure for table `dbo.INVOICEDETAILS`
--

DROP TABLE IF EXISTS `dbo.INVOICEDETAILS`;
/*!40101 SET @saved_cs_client     = @@character_set_client */;
/*!40101 SET character_set_client = utf8 */;
CREATE TABLE `dbo.INVOICEDETAILS` (
  `ID` mediumint(9) DEFAULT NULL,
  `INVOICEID` mediumint(9) DEFAULT NULL,
  `ORDERDETAILID` mediumint(9) DEFAULT NULL,
  `ITEMID` mediumint(9) DEFAULT NULL,
  `AMOUNT` tinyint(4) DEFAULT NULL,
  `UNITPRICE` decimal(8,4) DEFAULT NULL,
  `LINETOTAL` decimal(9,4) DEFAULT NULL
) ENGINE=InnoDB DEFAULT CHARSET=utf8mb4;
/*!40101 SET character_set_client = @saved_cs_client */;

--
-- Dumping data for table `dbo.INVOICEDETAILS`
--

LOCK TABLES `dbo.INVOICEDETAILS` WRITE;
/*!40000 ALTER TABLE `dbo.INVOICEDETAILS` DISABLE KEYS */;
INSERT INTO `dbo.INVOICEDETAILS` VALUES (1,1,1,660,2,13.0760,26.1520),(2,1,2,1673,5,59.5866,297.9330),(3,1,3,675,8,36.9253,295.4027),(4,1,4,4217,3,3.2519,9.7556),(5,1,5,19206,1,1.1610,1.1610),(6,1,6,2305,9,23.2405,209.1649),(7,2,7,14011,3,7.1096,21.3287),(8,2,8,1375,6,8.1317,48.7900),(9,2,9,15401,2,4.1933,8.3866),(10,2,10,21633,1,3.4044,3.4044),(11,2,11,5091,2,2.0721,4.1443),(12,2,12,4203,2,2.2500,4.5000),(13,2,13,22405,4,4.3802,17.5209),(14,2,14,3237,4,5.0872,20.3486),(15,2,15,23150,6,13.1827,79.0960),(16,2,16,20827,1,11.5255,11.5255),(17,3,17,16362,2,24.9790,49.9581),(18,3,18,27337,6,23.0023,138.0136),(19,3,19,6531,8,7.7529,62.0232),(20,3,20,27374,4,55.1435,220.5740),(21,3,21,8946,3,19.8382,59.5146),(22,3,22,2036,1,2.8271,2.8271),(23,4,23,27623,2,1.2769,2.5538),(24,5,24,26973,6,133.3737,800.2424),(25,5,25,4209,10,8.7386,87.3857),(26,5,26,8572,7,35.4094,247.8657),(27,6,27,16059,2,8.7421,17.4842),(28,6,28,7765,1,41.6383,41.6383),(29,6,29,17450,3,3.6591,10.9774),(30,6,30,9435,10,18.0572,180.5718),(31,6,31,27745,5,6.4576,32.2881),(32,6,32,1166,7,7.0576,49.4033),(33,6,33,17924,9,5.8821,52.9389),(34,6,34,27796,3,10.7107,32.1320),(35,6,35,21447,3,15.3325,45.9976),(36,6,36,27,9,8.0592,72.5329),(37,7,37,5039,9,5.5828,50.2451),(38,7,38,12157,4,12.8063,51.2251),(39,7,39,850,10,17.9891,179.8905),(40,7,40,5306,10,1.2160,12.1598),(41,7,41,24456,7,13.5968,95.1778),(42,7,42,20246,4,7.6465,30.5860),(43,7,43,17707,6,1.3830,8.2982),(44,8,44,18614,5,4.5644,22.8222),(45,8,45,16048,7,18.7071,130.9498),(46,8,46,8548,6,2.6677,16.0061),(47,8,47,11303,7,1.3519,9.4631),(48,8,48,4653,10,1.4359,14.3592),(49,8,49,8308,4,5.4622,21.8489),(50,8,50,923,7,2.2285,15.5993),(51,9,51,7763,2,1.2278,2.4557),(52,9,52,16244,5,2.0092,10.0459),(53,9,53,11987,8,27.4494,219.5953),(54,10,54,14782,2,1.8212,3.6424),(55,10,55,15855,10,5.9061,59.0608),(56,10,56,20224,8,6.4880,51.9039),(57,10,57,17543,10,15.2004,152.0042),(58,11,58,17886,7,5.7646,40.3519),(59,11,59,10731,2,1.3812,2.7624),(60,11,60,4625,2,1.0716,2.1433),(61,11,61,27416,2,8.4926,16.9852),(62,11,62,25420,2,9.0909,18.1817),(63,12,63,21692,7,13.5729,95.0103),(64,12,64,23944,8,25.8732,206.9855),(65,12,65,3365,3,8.9635,26.8906),(66,12,66,13479,7,12.6593,88.6150),(67,12,67,16199,6,0.4548,2.7287),(68,12,68,3803,3,11.8949,35.6847),(69,12,69,11058,6,23.0394,138.2363),(70,12,70,20255,1,65.5498,65.5498),(71,13,71,24883,4,2.5644,10.2576),(72,13,72,18502,5,13.7730,68.8649),(73,13,73,12908,8,0.8271,6.6165),(74,13,74,13654,8,1.9559,15.6470),(75,13,75,16640,4,1.5486,6.1944),(76,13,76,4462,6,12.0753,72.4519),(77,13,77,10878,2,51.4010,102.8020),(78,13,78,14767,2,36.1691,72.3381),(79,13,79,8357,8,48.0968,384.7742),(80,14,80,24193,6,5.4220,32.5322),(81,14,81,7572,3,3.1493,9.4478),(82,14,82,1402,2,3.2907,6.5814),(83,14,83,16022,5,8.4806,42.4029),(84,14,84,21407,1,2.2993,2.2993),(85,14,85,768,2,19.6603,39.3205),(86,15,86,8341,3,9.3591,28.0772),(87,15,87,4389,1,65.5027,65.5027),(88,15,88,2991,10,8.1342,81.3423),(89,15,89,13743,10,1.4003,14.0034),(90,15,90,2233,5,9.7886,48.9428),(91,15,91,15220,5,0.8844,4.4222),(92,15,92,4667,3,5.9768,17.9304),(93,15,93,19535,7,1.4215,9.9502),(94,16,94,22015,2,1.3658,2.7317),(95,16,95,21817,4,64.1546,256.6185),(96,16,96,6105,3,0.9250,2.7750),(97,16,97,9933,3,15.7015,47.1046),(98,16,98,12275,5,20.7172,103.5860),(99,16,99,19938,4,1.7394,6.9577),(100,16,100,12776,7,44.5717,312.0018);
/*!40000 ALTER TABLE `dbo.INVOICEDETAILS` ENABLE KEYS */;
UNLOCK TABLES;

--
-- Table structure for table `dbo.INVOICES`
--

DROP TABLE IF EXISTS `dbo.INVOICES`;
/*!40101 SET @saved_cs_client     = @@character_set_client */;
/*!40101 SET character_set_client = utf8 */;
CREATE TABLE `dbo.INVOICES` (
  `ID` mediumint(9) DEFAULT NULL,
  `ORDERID` mediumint(9) DEFAULT NULL,
  `DATE_` varchar(19) DEFAULT NULL,
  `ADDRESSID` mediumint(9) DEFAULT NULL,
  `CARGOFICHENO` varchar(14) DEFAULT NULL,
  `TOTALPRICE` decimal(9,4) DEFAULT NULL
) ENGINE=InnoDB DEFAULT CHARSET=utf8mb4;
/*!40101 SET character_set_client = @saved_cs_client */;

--
-- Dumping data for table `dbo.INVOICES`
--

LOCK TABLES `dbo.INVOICES` WRITE;
/*!40000 ALTER TABLE `dbo.INVOICES` DISABLE KEYS */;
INSERT INTO `dbo.INVOICES` VALUES (1,1,'2019-02-06 10:54:58',18770,'CRGF0000000001',839.5700),(2,2,'2019-04-27 08:47:37',8172,'CRGF0000000002',219.0500),(3,3,'2019-01-20 09:11:30',2242,'CRGF0000000003',532.9100),(4,4,'2019-12-24 09:02:51',18010,'CRGF0000000004',2.5500),(5,5,'2019-08-27 08:59:52',48,'CRGF0000000005',1135.4900),(6,6,'2019-08-14 15:05:28',22567,'CRGF0000000006',535.9600),(7,7,'2020-03-20 09:55:31',16636,'CRGF0000000007',427.5800),(8,8,'2019-12-23 06:52:46',18653,'CRGF0000000008',231.0500),(9,9,'2020-01-15 15:35:44',2133,'CRGF0000000009',232.1000),(10,10,'2019-02-25 21:11:22',19925,'CRGF0000000010',266.6100),(11,11,'2019-07-08 04:17:27',3488,'CRGF0000000011',80.4200),(12,12,'2020-02-12 15:49:35',8182,'CRGF0000000012',659.7000),(13,13,'2019-09-03 14:10:28',11738,'CRGF0000000013',739.9500),(14,14,'2019-07-12 22:21:20',8348,'CRGF0000000014',132.5800),(15,15,'2019-12-28 04:11:40',7967,'CRGF0000000015',270.1700),(16,16,'2020-02-23 13:49:37',4448,'CRGF0000000016',836.6200),(17,17,'2019-08-17 18:18:26',4068,'CRGF0000000017',287.8100),(18,18,'2020-01-24 00:47:03',15129,'CRGF0000000018',560.6900),(19,19,'2019-10-17 06:47:20',20916,'CRGF0000000019',2039.5400),(20,20,'2019-06-09 07:03:58',17336,'CRGF0000000020',162.7000),(21,21,'2019-10-02 13:42:12',5225,'CRGF0000000021',138.8900),(22,22,'2020-03-10 07:01:43',6536,'CRGF0000000022',232.6200),(23,23,'2019-07-02 22:02:30',1959,'CRGF0000000023',1420.8700),(24,24,'2019-04-08 19:00:14',6951,'CRGF0000000024',37.4300),(25,25,'2020-01-23 04:33:39',5734,'CRGF0000000025',469.9300),(26,26,'2019-06-30 12:30:10',8839,'CRGF0000000026',510.0500),(27,27,'2019-05-02 07:36:46',17674,'CRGF0000000027',733.6900),(28,28,'2020-03-21 03:50:04',4471,'CRGF0000000028',449.5600),(29,29,'2019-05-29 07:34:19',20244,'CRGF0000000029',359.8800),(30,30,'2019-01-09 21:07:42',14784,'CRGF0000000030',863.4400),(31,31,'2019-04-14 00:29:09',4509,'CRGF0000000031',5.2900),(32,32,'2019-02-25 00:03:38',4918,'CRGF0000000032',157.2200),(33,33,'2019-07-11 03:29:29',3047,'CRGF0000000033',5.2700),(34,34,'2019-08-16 07:07:42',7619,'CRGF0000000034',602.6300),(35,35,'2019-08-14 10:29:23',16705,'CRGF0000000035',798.9700),(36,36,'2019-09-23 18:41:32',16492,'CRGF0000000036',276.0900),(37,37,'2019-09-04 19:23:27',17971,'CRGF0000000037',591.1000),(38,38,'2019-11-22 04:21:28',14819,'CRGF0000000038',646.4400),(39,39,'2020-01-20 07:14:04',14819,'CRGF0000000039',589.0100),(40,40,'2020-02-04 05:38:01',653,'CRGF0000000040',268.9000),(41,41,'2019-12-23 00:11:42',8072,'CRGF0000000041',81.8400),(42,42,'2020-02-29 06:53:20',10730,'CRGF0000000042',123.6700),(43,43,'2019-08-26 03:12:38',3887,'CRGF0000000043',264.7300),(44,44,'2019-04-19 09:01:46',15185,'CRGF0000000044',841.1300),(45,45,'2019-01-08 09:09:50',22393,'CRGF0000000045',605.1500),(46,46,'2019-03-16 06:17:47',14927,'CRGF0000000046',55.9800),(47,47,'2019-01-07 16:38:52',7756,'CRGF0000000047',502.4300),(48,48,'2019-02-03 09:17:44',7756,'CRGF0000000048',35.6500),(49,49,'2020-01-28 05:45:23',22595,'CRGF0000000049',318.7800),(50,50,'2020-03-06 18:59:10',17273,'CRGF0000000050',356.8300),(51,51,'2020-02-01 19:01:48',663,'CRGF0000000051',613.3800),(52,52,'2019-05-24 15:26:48',19360,'CRGF0000000052',453.0300),(53,53,'2019-01-19 15:17:53',19360,'CRGF0000000053',587.8900),(54,54,'2019-01-26 06:55:04',2073,'CRGF0000000054',702.5600),(55,55,'2020-01-05 21:23:49',10710,'CRGF0000000055',554.8100),(56,56,'2020-01-15 01:05:11',22974,'CRGF0000000056',68.0300),(57,57,'2019-04-07 03:41:08',9833,'CRGF0000000057',271.3500),(58,58,'2019-02-26 06:54:55',9956,'CRGF0000000058',381.4100),(59,59,'2019-04-02 19:38:48',11187,'CRGF0000000059',100.1300),(60,60,'2019-10-21 17:44:28',6511,'CRGF0000000060',552.4800),(61,61,'2019-09-21 11:39:41',15472,'CRGF0000000061',439.2400),(62,62,'2019-03-31 03:10:34',983,'CRGF0000000062',10.2600),(63,63,'2019-01-08 19:33:56',6242,'CRGF0000000063',317.2300),(64,64,'2019-01-21 15:25:40',4833,'CRGF0000000064',318.2700),(65,65,'2019-03-14 15:28:49',12127,'CRGF0000000065',160.7100),(66,66,'2019-12-14 14:11:26',5366,'CRGF0000000066',268.0800),(67,67,'2019-02-24 05:55:34',20771,'CRGF0000000067',432.4200),(68,68,'2019-02-22 00:17:19',20609,'CRGF0000000068',404.8400),(69,69,'2019-06-19 10:03:37',14172,'CRGF0000000069',48.2900),(70,70,'2020-01-07 03:46:35',15538,'CRGF0000000070',399.1900),(71,71,'2019-03-11 12:49:18',21644,'CRGF0000000071',207.5100),(72,72,'2019-06-18 08:06:58',2252,'CRGF0000000072',327.5600),(73,73,'2020-01-09 03:49:34',6900,'CRGF0000000073',588.2300),(74,74,'2019-07-02 23:03:52',1926,'CRGF0000000074',570.9600),(75,75,'2019-07-06 06:33:57',21344,'CRGF0000000075',967.0100),(76,76,'2019-01-30 17:22:55',16630,'CRGF0000000076',52.7500),(77,77,'2020-02-07 18:38:23',9697,'CRGF0000000077',216.1700),(78,78,'2019-11-16 12:12:39',9615,'CRGF0000000078',232.0600),(79,79,'2019-02-24 20:15:04',9870,'CRGF0000000079',213.6200),(80,80,'2019-02-25 03:16:12',9870,'CRGF0000000080',265.5600),(81,81,'2019-02-04 02:11:00',10363,'CRGF0000000081',23.9200),(82,82,'2019-03-30 20:01:58',7854,'CRGF0000000082',322.7300),(83,83,'2020-01-30 01:01:11',21929,'CRGF0000000083',603.5800),(84,84,'2019-10-08 12:33:31',2520,'CRGF0000000084',124.2300),(85,85,'2019-01-10 01:06:10',4461,'CRGF0000000085',122.1400),(86,86,'2019-07-24 02:35:46',19195,'CRGF0000000086',225.6600),(87,87,'2019-02-23 07:58:03',14248,'CRGF0000000087',699.0000),(88,88,'2019-06-05 08:45:24',2709,'CRGF0000000088',178.2800),(89,89,'2019-05-07 10:29:28',17077,'CRGF0000000089',421.5700),(90,90,'2019-01-19 12:41:30',18651,'CRGF0000000090',711.4600),(91,91,'2019-02-18 18:23:34',21347,'CRGF0000000091',315.3600),(92,92,'2019-01-27 09:31:38',13626,'CRGF0000000092',186.6100),(93,93,'2019-07-06 15:55:02',16992,'CRGF0000000093',688.6400),(94,94,'2019-01-06 16:45:08',7820,'CRGF0000000094',595.2400),(95,95,'2019-10-13 02:32:35',4576,'CRGF0000000095',124.7100),(96,96,'2019-03-16 01:22:13',5650,'CRGF0000000096',1396.0800),(97,97,'2019-01-10 06:10:42',13906,'CRGF0000000097',1446.5200),(98,98,'2020-02-23 03:30:41',17243,'CRGF0000000098',429.1000),(99,99,'2020-01-30 10:53:47',5972,'CRGF0000000099',41.2300),(100,100,'2019-02-07 02:21:18',7236,'CRGF0000000100',418.5700);
/*!40000 ALTER TABLE `dbo.INVOICES` ENABLE KEYS */;
UNLOCK TABLES;

--
-- Table structure for table `dbo.ITEMS`
--

DROP TABLE IF EXISTS `dbo.ITEMS`;
/*!40101 SET @saved_cs_client     = @@character_set_client */;
/*!40101 SET character_set_client = utf8 */;
CREATE TABLE `dbo.ITEMS` (
  `ID` mediumint(9) DEFAULT NULL,
  `ITEMCODE` mediumint(9) DEFAULT NULL,
  `ITEMNAME` varchar(86) DEFAULT NULL,
  `UNITPRICE` decimal(21,17) DEFAULT NULL,
  `CATEGORY1` varchar(15) DEFAULT NULL,
  `CATEGORY2` varchar(26) DEFAULT NULL,
  `CATEGORY3` varchar(28) DEFAULT NULL,
  `CATEGORY4` varchar(32) DEFAULT NULL,
  `BRAND` varchar(16) DEFAULT NULL
) ENGINE=InnoDB DEFAULT CHARSET=utf8mb4;
/*!40101 SET character_set_client = @saved_cs_client */;

--
-- Dumping data for table `dbo.ITEMS`
--

LOCK TABLES `dbo.ITEMS` WRITE;
/*!40000 ALTER TABLE `dbo.ITEMS` DISABLE KEYS */;
INSERT INTO `dbo.ITEMS` VALUES (1,5,'PIL KODAK XTRA HEAVY 9 V',5.15000000000000000,'EV','ELEKTRIK-ELEKTRONIK','PIL','PIL','KODAK'),(2,6,'PIL KODAK AA*2 MAX ALKALIN KALEM',8.26000000000000000,'EV','ELEKTRIK-ELEKTRONIK','PIL','KALEM PILLER','KODAK'),(4,11,'VAKKUMLU TASIYICI TIR',20.83000000000000000,'OYUNCAK','ZEKA GELISTIRICI','OYUNCAKLAR','BEBE OYUNCAK','OYUNCAK'),(7,17,'OFICA SERIT DAKSIL',1.01000000000000000,'EV','KITAP-DERGI-KIRTASIYE','KIRTASIYE','KIRTASIYE GERECLERI','KIRTASIYELER'),(8,18,'OFFICA MAKET BICAGI UCU',1.68000000000000000,'EV','KITAP-DERGI-KIRTASIYE','KIRTASIYE','KIRTASIYE GERECLERI','KIRTASIYELER'),(9,19,'OFICA FH4550 HESAP MAKINASI ',31.13000000000000000,'EV','KITAP-DERGI-KIRTASIYE','KIRTASIYE','KIRTASIYE GERECLERI','KIRTASIYELER'),(10,21,'PRT.UDAG WA0030 SAKLAMA KABI ',15.55000000000000000,'EV','MUTFAK GERECLERI','MUTFAK ESYA-GERECLERI','SAKLAMA KABI','UDAG'),(11,22,'PRT.UDAG WA0046 TUVALET KAGITLIGI  ',19.83000000000000000,'TEMIZLIK','EV GERECLERI','EV PLASTIK GERECLERI','PLASTIK','UDAG'),(12,23,'MARUL KIVIRCIK',6.25000000000000000,'YESILLIK','MANAV','MANAV','YESILLIKLER','MAROL'),(13,29,'CARPEX TYPES KLIMA KOKU SUMMER BREEZE ',7.53000000000000000,'TEMIZLIK','KOKULAR','ODA KOKULARI','KLIMA KOKULAR','CARPEX'),(14,30,'PIL KODAK XTRA HEAVY KALEM 2\'LI',4.75000000000000000,'EV','ELEKTRIK-ELEKTRONIK','PIL','KALEM PILLER','KODAK'),(15,35,'OYUNCAK KUTUDA RENKLI SACLI BEBEK',40.03000000000000000,'OYUNCAK','ZEKA GELISTIRICI','OYUNCAKLAR','BEBE OYUNCAK','OYUNCAK'),(17,37,'CITCIT DOSYA',1.33000000000000000,'EV','KITAP-DERGI-KIRTASIYE','KIRTASIYE','KIRTASIYE GERECLERI','KIRTASIYELER'),(18,40,'SOGAN KISKA PK.',0.73000000000000000,'SEBZE','MANAV','MANAV','SEBZELER','SOGAN'),(19,42,'DOMATES KOKTEYL SEKER PAKET ',1.44000000000000000,'SEBZE','MANAV','MANAV','SEBZELER','DOMATES'),(20,43,'GOLBASI MAROL',0.00000000000000000,'YESILLIK','MANAV','MANAV','YESILLIKLER','MAROL'),(21,44,'GOLBASI MAROL KIVIRCIK',1.66000000000000000,'YESILLIK','MANAV','MANAV','YESILLIKLER','MAROL'),(22,47,'TURP JAPON',2.18000000000000000,'YESILLIK','MANAV','MANAV','YESILLIKLER','TURP'),(23,49,'ARMUT DEVECI',9.90000000000000000,'MEYVE','MANAV','MANAV','MEYVELER','ARMUT'),(24,54,'DOMATES ARI SALKIM',6.54000000000000000,'SEBZE','MANAV','MANAV','SEBZELER','DOMATES'),(25,55,'PATATES',1.02000000000000000,'SEBZE','MANAV','MANAV','SEBZELER','PATATES'),(26,56,'TURP',1.50000000000000000,'YESILLIK','MANAV','MANAV','YESILLIKLER','TURP'),(27,59,'ELMA MISKET',7.87000000000000000,'MEYVE','MANAV','MANAV','MEYVELER','ELMA'),(28,60,'ELMA STAR',1.20000000000000000,'MEYVE','MANAV','MANAV','MEYVELER','ELMA'),(29,65,'BANVIT TABAKLI BAGET KG.',16.06000000000000000,'KUMES','PILIC','KUMES HAYVANLARI','PARCA BAGET','BANVIT'),(30,66,'BANVIT TABAKLI SPECIAL KANAT KG.',25.74000000000000000,'KUMES','PILIC','KUMES HAYVANLARI','PARCA KANAT','BANVIT'),(31,67,'MUDURNU TABAKLI BUT',6.42000000000000000,'KUMES','PILIC','KUMES HAYVANLARI','PARCA BUT','MUDURNU'),(32,68,'MUDURNU TABAKLI DRS.YARIM FILETO',10.12000000000000000,'KUMES','PILIC','KUMES HAYVANLARI','PARCA FILETO','MUDURNU'),(33,69,'MUDURNU TABAKLI OZEL KANAT',15.87000000000000000,'KUMES','PILIC','KUMES HAYVANLARI','PARCA KANAT','MUDURNU'),(34,71,'BANVIT HINDI BUTUN',17.72000000000000000,'KUMES','PILIC','KUMES HAYVANLARI','BUTUN PILICLER','BANVIT'),(35,74,'NAMET DANA BATON SUCUK',58.12000000000000000,'ET','ISLENMIS ET','SUCUK','DANA SUCUK','NAMET'),(36,75,'DOKME KUS UZUMU 12,5 KG. ',78.00000000000000000,'GIDA','TUZ-BAHARAT','BAHARAT','KUS UZUMU','NERGIS'),(37,76,'DOKME PUL BIBER 10 KG. ',33.00000000000000000,'GIDA','TUZ-BAHARAT','BAHARAT','PUL BIBER','NERGIS'),(38,80,'MONAMI DUST FREE SILGI BUYUK',1.80000000000000000,'EV','KITAP-DERGI-KIRTASIYE','KIRTASIYE','KIRTASIYE GERECLERI','KIRTASIYELER'),(39,81,'PIL KODAK AA*4 XTRALIFE ALKALIN KALEM',14.25000000000000000,'EV','ELEKTRIK-ELEKTRONIK','PIL','KALEM PILLER','KODAK'),(40,87,'KUT. KIRMIZI ISIKLI VE SESLI STAR',23.10000000000000000,'OYUNCAK','ZEKA GELISTIRICI','OYUNCAKLAR','BEBE OYUNCAK','OYUNCAK'),(41,88,'LETS SULU BOYA 12LI',0.88000000000000000,'EV','KITAP-DERGI-KIRTASIYE','KIRTASIYE','KIRTASIYE GERECLERI','KIRTASIYELER'),(42,89,'OYUNCAK TANK PILLI   ',76.87000000000000000,'OYUNCAK','ZEKA GELISTIRICI','OYUNCAKLAR','BEBE OYUNCAK','OYUNCAK'),(43,90,'PRT.UDAG WA0028 UCLU LALE ',11.90000000000000000,'EV','MUTFAK GERECLERI','MUTFAK ESYA-GERECLERI','','UDAG'),(44,91,'PRT UDAG WA0037 CEREZLIK ',10.68000000000000000,'EV','MUTFAK GERECLERI','MUTFAK ESYA-GERECLERI','PLASTIK CEREZLIK VE KASELER','UDAG'),(45,93,'KOZA 217 KISA TUNIK M',6.73000000000000000,'EV','TEKSTIL-GIYIM-AKSESUAR','CAMASIRLAR','BAYAN CAMASIR','KOZA'),(46,94,'OYUNCAK GITAR PILLI  ',27.48000000000000000,'OYUNCAK','ZEKA GELISTIRICI','OYUNCAKLAR','BEBE OYUNCAK','OYUNCAK'),(47,101,'FANTASIA 36 RENK KURUBOYA TAM BOY METAL KUTU',8.80000000000000000,'EV','KITAP-DERGI-KIRTASIYE','KIRTASIYE','KIRTASIYE GERECLERI','KIRTASIYELER'),(48,104,'CARPEC TYPES KLIMA KOKU APPLE ',9.68000000000000000,'TEMIZLIK','KOKULAR','ODA KOKULARI','KLIMA KOKULAR','CARPEX'),(49,106,'PIL KODAK POWER BANK 5200 MAH',59.88000000000000000,'EV','ELEKTRIK-ELEKTRONIK','PIL','POWER BANK','KODAK'),(50,107,'PIL KODAK XTRA HEAVY AAA*4 INCE',6.88000000000000000,'EV','ELEKTRIK-ELEKTRONIK','PIL','INCE PILLER','KODAK'),(51,113,'ISIKLI SILAH',14.29000000000000000,'OYUNCAK','ZEKA GELISTIRICI','OYUNCAKLAR','BEBE OYUNCAK','OYUNCAK'),(52,114,'OYUNCAK KUT. KALPLI 2 AS. AKS. MANKEN',34.10000000000000000,'OYUNCAK','ZEKA GELISTIRICI','OYUNCAKLAR','BEBE OYUNCAK','OYUNCAK'),(53,115,'GOLBASI MAROL GOBEK',1.23000000000000000,'YESILLIK','MANAV','MANAV','YESILLIKLER','MAROL'),(54,118,'BIBER SIVRI  KIL ',6.24000000000000000,'SEBZE','MANAV','MANAV','SEBZELER','BIBER'),(55,120,'TURP SIYAH',2.19000000000000000,'YESILLIK','MANAV','MANAV','YESILLIKLER','TURP'),(56,122,'PORTAKAL WASINGTON',4.92000000000000000,'MEYVE','MANAV','MANAV','MEYVELER','PORTAKAL'),(57,123,'ELMA ARAPKIZI',5.94000000000000000,'MEYVE','MANAV','MANAV','MEYVELER','ELMA'),(58,128,'NT TEK ADIMDA MAK.TEM.JELI',20.56000000000000000,'KOZMETIK','KISISEL BAKIM','CILT BAKIM','TEMIZLEME JEL-KREM-PEELING','NEUTROGENA'),(59,135,'OYUNCAK  PILLI ISIKLI AIRBUS UCAK',35.79000000000000000,'OYUNCAK','ZEKA GELISTIRICI','OYUNCAKLAR','BEBE OYUNCAK','OYUNCAK'),(60,136,'SUNUM DOSYASI 40 LI',1.44000000000000000,'EV','KITAP-DERGI-KIRTASIYE','KIRTASIYE','KIRTASIYE GERECLERI','KIRTASIYELER'),(61,137,'MASA TIPI HESAP MAKINASI',1.44000000000000000,'EV','KITAP-DERGI-KIRTASIYE','KIRTASIYE','KIRTASIYE GERECLERI','KIRTASIYELER'),(62,138,'LETS CELIK MATARA  230 ML.',5.28000000000000000,'EV','KITAP-DERGI-KIRTASIYE','KIRTASIYE','KIRTASIYE GERECLERI','KIRTASIYELER'),(63,139,'KOZA 123 BAYAN BADI M',4.97000000000000000,'EV','TEKSTIL-GIYIM-AKSESUAR','CAMASIRLAR','BAYAN CAMASIR','KOZA'),(64,166,'MUDURNU TABAKLI DERISIZ FILETO',13.60000000000000000,'KUMES','PILIC','KUMES HAYVANLARI','PARCA FILETO','MUDURNU'),(65,173,'KARLIDAG KIRIK PEYNIR 1 KG',9.58000000000000000,'KAHVALTILIK','SUT-YOGURT-PEYNIR','PEYNIRLER','OZEL PEYNIRLER','KARLIDAG'),(66,174,'KARLIDAG PEYNIR CUBUK KG',52.68000000000000000,'KAHVALTILIK','SUT-YOGURT-PEYNIR','PEYNIRLER','CUBUK PEYNIRLERI','KARLIDAG'),(67,176,'NEUT.DEEP CLEAN TEM.JELI 200 ML POMI',17.74000000000000000,'KOZMETIK','KISISEL BAKIM','CILT BAKIM','TEMIZLEME JEL-KREM-PEELING','NEUTROGENA'),(68,178,'MONAMI DUST FREE SILGI KUCUK',1.20000000000000000,'EV','KITAP-DERGI-KIRTASIYE','KIRTASIYE','KIRTASIYE GERECLERI','KIRTASIYELER'),(69,179,'PIL KODAK AA*4 MAX ALKALIN KALEM',13.71000000000000000,'EV','ELEKTRIK-ELEKTRONIK','PIL','KALEM PILLER','KODAK'),(70,184,'MODELL OGRENCI CANTASI',54.00000000000000000,'EV','KITAP-DERGI-KIRTASIYE','KIRTASIYE','KIRTASIYE GERECLERI','KIRTASIYELER'),(71,186,'OYUNCAK KARTELADA ROBOT SETI',20.76000000000000000,'OYUNCAK','ZEKA GELISTIRICI','OYUNCAKLAR','BEBE OYUNCAK','OYUNCAK'),(72,187,'OYUNCAK KUT.KALPLIAKS.MAN.BEBEK',51.48000000000000000,'OYUNCAK','ZEKA GELISTIRICI','OYUNCAKLAR','BEBE OYUNCAK','OYUNCAK'),(73,188,'OFICA CIFT TARAFLI BANT 38MMX25 ',1.44000000000000000,'EV','KITAP-DERGI-KIRTASIYE','KIRTASIYE','KIRTASIYE GERECLERI','KIRTASIYELER'),(74,191,'MAROL LOLOROSO',0.95000000000000000,'YESILLIK','MANAV','MANAV','YESILLIKLER','MAROL'),(75,193,'DOMATES CARI',12.00000000000000000,'SEBZE','MANAV','MANAV','SEBZELER','DOMATES'),(76,200,'CARPEX CIFT KOK.KLIMA KAR.MEYVE/VAN',8.97000000000000000,'TEMIZLIK','KOKULAR','ODA KOKULARI','KLIMA KOKULAR','CARPEX'),(77,205,'CARPEX TYPES KLIMA KOKU WILD CHERRY ',10.31000000000000000,'TEMIZLIK','KOKULAR','ODA KOKULARI','KLIMA KOKULAR','CARPEX'),(78,206,'NEUT.AYAK BAKIM KREMI 50 ML',11.88000000000000000,'KOZMETIK','VUCUT-EL BAKIM','KREMLER','AYAK BAKIM','NEUTROGENA'),(79,207,'PIL KODAK XTRA HEAVY KALEM 4\'LU',5.10000000000000000,'EV','ELEKTRIK-ELEKTRONIK','PIL','KALEM PILLER','KODAK'),(80,208,'PIL KODAK AA 6+2 MAX ALKALIN KALEM',29.10000000000000000,'EV','ELEKTRIK-ELEKTRONIK','PIL','KALEM PILLER','KODAK'),(81,212,'OYUNCAK KUT. 2 LI FROZEN BEBEK ',33.56000000000000000,'OYUNCAK','ZEKA GELISTIRICI','OYUNCAKLAR','BEBE OYUNCAK','OYUNCAK'),(82,213,'CEMRE ORTA ATLAS',5.40000000000000000,'EV','KITAP-DERGI-KIRTASIYE','KIRTASIYE','KIRTASIYE GERECLERI','KIRTASIYELER'),(83,215,'OYUNCAK YUMURTALI PONY',8.10000000000000000,'OYUNCAK','ZEKA GELISTIRICI','OYUNCAKLAR','BEBE OYUNCAK','OYUNCAK'),(84,216,'YEDEKLI METAL KALEMTRAS',1.49000000000000000,'EV','KITAP-DERGI-KIRTASIYE','KIRTASIYE','KIRTASIYE GERECLERI','KIRTASIYELER'),(85,218,'TURP DESTE',0.95000000000000000,'YESILLIK','MANAV','MANAV','YESILLIKLER','TURP'),(86,221,'RAKET SET ',13.74000000000000000,'OYUNCAK','ZEKA GELISTIRICI','OYUNCAKLAR','BEBE OYUNCAK','OYUNCAK'),(87,222,'DOMATES TURSULUK',1.89000000000000000,'SEBZE','MANAV','MANAV','SEBZELER','DOMATES'),(88,223,'BIBER SIVRI SARI TURSULUK',5.86000000000000000,'SEBZE','MANAV','MANAV','SEBZELER','BIBER'),(89,226,'CARPEX TYPES KLIMA KOKU VANILYA ',10.26000000000000000,'TEMIZLIK','KOKULAR','ODA KOKULARI','KLIMA KOKULAR','CARPEX'),(90,230,'DERS PROG.ETIKET',0.64000000000000000,'EV','KITAP-DERGI-KIRTASIYE','KIRTASIYE','KIRTASIYE GERECLERI','KIRTASIYELER'),(91,232,'OYUNCAK PILLI SESLI UCAK ',37.83000000000000000,'OYUNCAK','ZEKA GELISTIRICI','OYUNCAKLAR','BEBE OYUNCAK','OYUNCAK'),(92,233,'LET S EGLENCE DIYARI 14 PARCA',1.44000000000000000,'EV','KITAP-DERGI-KIRTASIYE','KIRTASIYE','KIRTASIYE GERECLERI','KIRTASIYELER'),(93,238,'KUMKUAT PAKET  ',1.44000000000000000,'MEYVE','MANAV','MANAV','MEYVELER','PORTAKAL'),(94,239,'PATATES TAZE',0.69000000000000000,'SEBZE','MANAV','MANAV','SEBZELER','PATATES'),(95,240,'SOGAN KURU',2.88000000000000000,'SEBZE','MANAV','MANAV','SEBZELER','SOGAN'),(96,241,'SOGAN YESIL',11.11000000000000000,'YESILLIK','MANAV','MANAV','YESILLIKLER','SOGAN'),(97,242,'SOGAN ADAPAZARI',5.22000000000000000,'SEBZE','MANAV','MANAV','SEBZELER','SOGAN'),(98,245,'ELMA ITHAL',4.93000000000000000,'MEYVE','MANAV','MANAV','MEYVELER','ELMA'),(99,246,'UZUM KUREYS',9.54000000000000000,'MEYVE','MANAV','MANAV','MEYVELER','UZUM'),(100,251,'COLGATE.DIS IPI  50 M*6*',29.94000000000000000,'KOZMETIK','AGIZ BAKIM','DIS FIRCALARI-IPLER','DIS IPLERI','COLGATE'),(101,253,'NEUT.DEEP CLEAN TONIK 200 ML',17.34000000000000000,'KOZMETIK','KISISEL BAKIM','CILT BAKIM','TEMIZLEME TONIKLERI','NEUTROGENA'),(102,255,'PIL KODAK AAA*4 MAX ALKALIN INCE',15.90000000000000000,'EV','ELEKTRIK-ELEKTRONIK','PIL','INCE PILLER','KODAK'),(103,256,'PIL KODAK AA*4 ULTRA ALKALIN KALEM',20.39000000000000000,'EV','ELEKTRIK-ELEKTRONIK','PIL','KALEM PILLER','KODAK'),(104,263,'BOS CD 10 LU',1.19000000000000000,'EV','KITAP-DERGI-KIRTASIYE','KIRTASIYE','KIRTASIYE GERECLERI','KIRTASIYELER');
/*!40000 ALTER TABLE `dbo.ITEMS` ENABLE KEYS */;
UNLOCK TABLES;

--
-- Table structure for table `dbo.ITEMS_LOG`
--

DROP TABLE IF EXISTS `dbo.ITEMS_LOG`;
/*!40101 SET @saved_cs_client     = @@character_set_client */;
/*!40101 SET character_set_client = utf8 */;
CREATE TABLE `dbo.ITEMS_LOG` (
  `ID` tinyint(4) DEFAULT NULL,
  `ITEMCODE` tinyint(4) DEFAULT NULL,
  `ITEMNAME` varchar(33) DEFAULT NULL,
  `UNITPRICE` decimal(4,2) DEFAULT NULL,
  `CATEGORY1` varchar(7) DEFAULT NULL,
  `CATEGORY2` varchar(21) DEFAULT NULL,
  `CATEGORY3` varchar(10) DEFAULT NULL,
  `CATEGORY4` varchar(19) DEFAULT NULL,
  `BRAND` varchar(12) DEFAULT NULL,
  `LOG_ACTIONTYPE` varchar(6) DEFAULT NULL,
  `LOG_DATE` varchar(19) DEFAULT NULL,
  `LOG_USERNAME` varchar(23) DEFAULT NULL,
  `LOG_PROGRAMNAME` varchar(46) DEFAULT NULL,
  `LOG_HOSTNAME` varchar(15) DEFAULT NULL
) ENGINE=InnoDB DEFAULT CHARSET=utf8mb4;
/*!40101 SET character_set_client = @saved_cs_client */;

--
-- Dumping data for table `dbo.ITEMS_LOG`
--

LOCK TABLES `dbo.ITEMS_LOG` WRITE;
/*!40000 ALTER TABLE `dbo.ITEMS_LOG` DISABLE KEYS */;
INSERT INTO `dbo.ITEMS_LOG` VALUES (6,16,'OYUNCAK BEZ BEBEK',19.55,'OYUNCAK','ZEKA GELISTIRICI','OYUNCAKLAR','BEBE OYUNCAK','OYUNCAK','UPDATE','2020-04-13 21:25:24','SQLEGITIMAdministrator','Microsoft SQL Server Management Studio - Query','SQLEGITIM'),(6,16,'OYUNCAK BEZ BEBEK',25.00,'OYUNCAK','ZEKA GELISTIRICI','OYUNCAKLAR','BEBE OYUNCAK','OYUNCAK','UPDATE','2020-04-13 21:27:44','sa','Microsoft SQL Server Management Studio - Query','DESKTOP-5E3LKN1'),(6,16,'OYUNCAK BEZ BEBEK',35.00,'OYUNCAK','ZEKA GELISTIRICI','OYUNCAKLAR','BEBE OYUNCAK','OYUNCAK','DELETE','2020-04-13 21:29:42','sa','Microsoft SQL Server Management Studio - Query','DESKTOP-5E3LKN1'),(16,36,'FIGURLU OGRENCI MAKASI',2.05,'EV','KITAP-DERGI-KIRTASIYE','KIRTASIYE','KIRTASIYE GERECLERI','KIRTASIYELER','UPDATE','2020-04-13 21:34:24','SQLEGITIMAdministrator','Microsoft SQL Server Management Studio - Query','SQLEGITIM'),(16,36,'FIGURLU OGRENCI MAKASI',5.00,'EV','KITAP-DERGI-KIRTASIYE','KIRTASIYE','KIRTASIYE GERECLERI','KIRTASIYELER','UPDATE','2020-04-13 21:34:38','SQLEGITIMAdministrator','Microsoft SQL Server Management Studio - Query','SQLEGITIM'),(16,36,'FIGURLU OGRENCI MAKASI',3.00,'EV','KITAP-DERGI-KIRTASIYE','KIRTASIYE','KIRTASIYE GERECLERI','KIRTASIYELER','UPDATE','2020-04-13 21:35:02','SQLEGITIMAdministrator','Microsoft SQL Server Management Studio - Query','SQLEGITIM'),(16,36,'FİGÜRLÜ ÖĞRENCİ MAKASI',4.00,'EV','KITAP-DERGI-KIRTASIYE','KIRTASIYE','KIRTASIYE GERECLERI','KIRTASIYELER','DELETE','2020-04-13 21:35:33','sa','Microsoft SQL Server Management Studio - Query','DESKTOP-5E3LKN1'),(3,9,'PILLI SESLI UCAK',53.20,'OYUNCAK','ZEKA GELISTIRICI','OYUNCAKLAR','BEBE OYUNCAK','OYUNCAK','DELETE','2020-04-25 21:29:15','SQLEGITIMAdministrator','Microsoft SQL Server Management Studio - Query','SQLEGITIM'),(15,35,'OYUNCAK KUTUDA RENKLI SACLI BEBEK',40.03,'OYUNCAK','ZEKA GELISTIRICI','OYUNCAKLAR','BEBE OYUNCAK','OYUNCAK','DELETE','2020-04-25 21:32:51','SQLEGITIMAdministrator','Microsoft SQL Server Management Studio - Query','SQLEGITIM'),(15,35,'OYUNCAK KUTUDA RENKLI SACLI BEBEK',40.03,'OYUNCAK','ZEKA GELISTIRICI','OYUNCAKLAR','BEBE OYUNCAK','OYUNCAK','DELETE','2020-04-25 21:33:15','SQLEGITIMAdministrator','Microsoft SQL Server Management Studio - Query','SQLEGITIM');
/*!40000 ALTER TABLE `dbo.ITEMS_LOG` ENABLE KEYS */;
UNLOCK TABLES;

--
-- Table structure for table `dbo.ORDERDETAILS`
--

DROP TABLE IF EXISTS `dbo.ORDERDETAILS`;
/*!40101 SET @saved_cs_client     = @@character_set_client */;
/*!40101 SET character_set_client = utf8 */;
CREATE TABLE `dbo.ORDERDETAILS` (
  `ID` mediumint(9) DEFAULT NULL,
  `ORDERID` mediumint(9) DEFAULT NULL,
  `ITEMID` mediumint(9) DEFAULT NULL,
  `AMOUNT` tinyint(4) DEFAULT NULL,
  `UNITPRICE` decimal(8,4) DEFAULT NULL,
  `LINETOTAL` decimal(9,4) DEFAULT NULL
) ENGINE=InnoDB DEFAULT CHARSET=utf8mb4;
/*!40101 SET character_set_client = @saved_cs_client */;

--
-- Dumping data for table `dbo.ORDERDETAILS`
--

LOCK TABLES `dbo.ORDERDETAILS` WRITE;
/*!40000 ALTER TABLE `dbo.ORDERDETAILS` DISABLE KEYS */;
INSERT INTO `dbo.ORDERDETAILS` VALUES (1,1,660,2,13.0760,26.1520),(2,1,1673,5,59.5866,297.9330),(3,1,675,8,36.9253,295.4027),(4,1,4217,3,3.2519,9.7556),(5,1,19206,1,1.1610,1.1610),(6,1,2305,9,23.2405,209.1649),(7,2,14011,3,7.1096,21.3287),(8,2,1375,6,8.1317,48.7900),(9,2,15401,2,4.1933,8.3866),(10,2,21633,1,3.4044,3.4044),(11,2,5091,2,2.0721,4.1443),(12,2,4203,2,2.2500,4.5000),(13,2,22405,4,4.3802,17.5209),(14,2,3237,4,5.0872,20.3486),(15,2,23150,6,13.1827,79.0960),(16,2,20827,1,11.5255,11.5255),(17,3,16362,2,24.9790,49.9581),(18,3,27337,6,23.0023,138.0136),(19,3,6531,8,7.7529,62.0232),(20,3,27374,4,55.1435,220.5740),(21,3,8946,3,19.8382,59.5146),(22,3,2036,1,2.8271,2.8271),(23,4,27623,2,1.2769,2.5538),(24,5,26973,6,133.3737,800.2424),(25,5,4209,10,8.7386,87.3857),(26,5,8572,7,35.4094,247.8657),(27,6,16059,2,8.7421,17.4842),(28,6,7765,1,41.6383,41.6383),(29,6,17450,3,3.6591,10.9774),(30,6,9435,10,18.0572,180.5718),(31,6,27745,5,6.4576,32.2881),(32,6,1166,7,7.0576,49.4033),(33,6,17924,9,5.8821,52.9389),(34,6,27796,3,10.7107,32.1320),(35,6,21447,3,15.3325,45.9976),(36,6,27,9,8.0592,72.5329),(37,7,5039,9,5.5828,50.2451),(38,7,12157,4,12.8063,51.2251),(39,7,850,10,17.9891,179.8905),(40,7,5306,10,1.2160,12.1598),(41,7,24456,7,13.5968,95.1778),(42,7,20246,4,7.6465,30.5860),(43,7,17707,6,1.3830,8.2982),(44,8,18614,5,4.5644,22.8222),(45,8,16048,7,18.7071,130.9498),(46,8,8548,6,2.6677,16.0061),(47,8,11303,7,1.3519,9.4631),(48,8,4653,10,1.4359,14.3592),(49,8,8308,4,5.4622,21.8489),(50,8,923,7,2.2285,15.5993),(51,9,7763,2,1.2278,2.4557),(52,9,16244,5,2.0092,10.0459),(53,9,11987,8,27.4494,219.5953),(54,10,14782,2,1.8212,3.6424),(55,10,15855,10,5.9061,59.0608),(56,10,20224,8,6.4880,51.9039),(57,10,17543,10,15.2004,152.0042),(58,11,17886,7,5.7646,40.3519),(59,11,10731,2,1.3812,2.7624),(60,11,4625,2,1.0716,2.1433),(61,11,27416,2,8.4926,16.9852),(62,11,25420,2,9.0909,18.1817),(63,12,21692,7,13.5729,95.0103),(64,12,23944,8,25.8732,206.9855),(65,12,3365,3,8.9635,26.8906),(66,12,13479,7,12.6593,88.6150),(67,12,16199,6,0.4548,2.7287),(68,12,3803,3,11.8949,35.6847),(69,12,11058,6,23.0394,138.2363),(70,12,20255,1,65.5498,65.5498),(71,13,24883,4,2.5644,10.2576),(72,13,18502,5,13.7730,68.8649),(73,13,12908,8,0.8271,6.6165),(74,13,13654,8,1.9559,15.6470),(75,13,16640,4,1.5486,6.1944),(76,13,4462,6,12.0753,72.4519),(77,13,10878,2,51.4010,102.8020),(78,13,14767,2,36.1691,72.3381),(79,13,8357,8,48.0968,384.7742),(80,14,24193,6,5.4220,32.5322),(81,14,7572,3,3.1493,9.4478),(82,14,1402,2,3.2907,6.5814),(83,14,16022,5,8.4806,42.4029),(84,14,21407,1,2.2993,2.2993),(85,14,768,2,19.6603,39.3205),(86,15,8341,3,9.3591,28.0772),(87,15,4389,1,65.5027,65.5027),(88,15,2991,10,8.1342,81.3423),(89,15,13743,10,1.4003,14.0034),(90,15,2233,5,9.7886,48.9428),(91,15,15220,5,0.8844,4.4222),(92,15,4667,3,5.9768,17.9304),(93,15,19535,7,1.4215,9.9502),(94,16,22015,2,1.3658,2.7317),(95,16,21817,4,64.1546,256.6185),(96,16,6105,3,0.9250,2.7750),(97,16,9933,3,15.7015,47.1046),(98,16,12275,5,20.7172,103.5860),(99,16,19938,4,1.7394,6.9577),(100,16,12776,7,44.5717,312.0018);
/*!40000 ALTER TABLE `dbo.ORDERDETAILS` ENABLE KEYS */;
UNLOCK TABLES;

--
-- Table structure for table `dbo.ORDERS`
--

DROP TABLE IF EXISTS `dbo.ORDERS`;
/*!40101 SET @saved_cs_client     = @@character_set_client */;
/*!40101 SET character_set_client = utf8 */;
CREATE TABLE `dbo.ORDERS` (
  `ID` mediumint(9) DEFAULT NULL,
  `USERID` smallint(6) DEFAULT NULL,
  `DATE_` varchar(19) DEFAULT NULL,
  `TOTALPRICE` decimal(9,4) DEFAULT NULL,
  `STATUS_` tinyint(4) DEFAULT NULL,
  `ADDRESSID` mediumint(9) DEFAULT NULL
) ENGINE=InnoDB DEFAULT CHARSET=utf8mb4;
/*!40101 SET character_set_client = @saved_cs_client */;

--
-- Dumping data for table `dbo.ORDERS`
--

LOCK TABLES `dbo.ORDERS` WRITE;
/*!40000 ALTER TABLE `dbo.ORDERS` DISABLE KEYS */;
INSERT INTO `dbo.ORDERS` VALUES (1,7678,'2019-02-05 23:56:58',839.5692,2,18770),(2,5477,'2019-04-26 14:05:37',219.0450,2,8172),(3,936,'2019-01-19 10:30:30',532.9106,2,2242),(4,7378,'2019-12-23 20:46:51',2.5538,2,18010),(5,21,'2019-08-26 20:02:52',1135.4938,2,48),(6,9232,'2019-08-14 00:01:28',535.9645,2,22567),(7,6813,'2020-03-19 02:29:31',427.5825,2,16636),(8,7637,'2019-12-22 07:52:46',231.0486,2,18653),(9,889,'2020-01-15 01:59:44',232.0969,2,2133),(10,8150,'2019-02-24 21:36:22',266.6113,2,19925),(11,1440,'2019-07-06 22:47:27',80.4245,2,3488),(12,5481,'2020-02-11 12:23:35',659.7009,2,8182),(13,2657,'2019-09-02 11:29:28',739.9466,2,11738),(14,5544,'2019-07-12 10:00:20',132.5841,2,8348),(15,5398,'2019-12-27 08:17:40',270.1712,2,7967),(16,1838,'2020-02-22 17:21:37',836.6206,2,4448),(17,1682,'2019-08-17 03:32:26',287.8057,2,4068),(18,4058,'2020-01-22 16:56:03',560.6930,2,15129),(19,8559,'2019-10-16 11:07:20',2039.5422,2,20916),(20,7108,'2019-06-08 05:52:58',162.7007,2,17336),(21,2145,'2019-10-01 04:26:12',138.8931,2,5225),(22,4840,'2020-03-09 04:22:43',232.6163,2,6536),(23,824,'2019-07-02 07:22:30',1420.8732,2,1959),(24,5002,'2019-04-07 15:30:14',37.4289,2,6951),(25,4508,'2020-01-21 19:32:39',469.9275,2,5734),(26,5754,'2019-06-29 22:30:10',510.0486,2,8839),(27,7253,'2019-05-01 10:35:46',733.6926,2,17674),(28,1849,'2020-03-20 06:36:04',449.5609,2,4471),(29,8284,'2019-05-28 11:16:19',359.8759,2,20244),(30,3917,'2019-01-09 05:46:42',863.4448,2,14784),(31,1863,'2019-04-13 04:39:09',5.2878,2,4509),(32,2018,'2019-02-24 12:29:38',157.2234,2,4918),(33,1265,'2019-07-10 01:43:29',5.2716,2,3047),(34,5269,'2019-08-14 23:48:42',602.6317,2,7619),(35,6845,'2019-08-13 06:49:23',798.9674,2,16705),(36,6760,'2019-09-22 10:42:32',276.0928,2,16492),(37,7366,'2019-09-04 01:50:27',591.1046,2,17971),(38,3933,'2019-11-21 01:22:28',646.4411,2,14819),(39,4851,'2020-01-19 04:36:04',589.0077,2,24473),(40,284,'2020-02-03 15:02:01',268.9004,2,653),(41,5440,'2019-12-22 02:37:42',81.8426,2,8072),(42,2250,'2020-02-27 23:35:20',123.6690,2,10730),(43,1599,'2019-08-24 19:57:38',264.7294,2,3887),(44,4086,'2019-04-18 05:30:46',841.1335,2,15185),(45,9167,'2019-01-07 09:11:50',605.1521,2,22393),(46,3974,'2019-03-15 07:37:47',55.9829,2,14927),(47,5324,'2019-01-07 06:25:52',502.4306,2,7756),(48,6749,'2019-02-01 23:50:44',35.6522,2,24475),(49,9246,'2020-01-27 07:46:23',318.7783,2,22595),(50,7078,'2020-03-06 02:22:10',356.8257,2,17273),(51,287,'2020-01-31 12:55:48',613.3820,2,663),(52,7921,'2019-05-23 09:59:48',453.0268,2,19360),(53,1612,'2019-01-18 12:45:53',587.8932,2,24476),(54,867,'2019-01-25 18:59:04',702.5595,2,2073),(55,2242,'2020-01-05 05:05:49',554.8100,2,10710),(56,9399,'2020-01-14 03:37:11',68.0348,2,22974),(57,6153,'2019-04-06 05:46:08',271.3500,2,9833),(58,6203,'2019-02-25 17:57:55',381.4082,2,9956),(59,2436,'2019-04-01 19:21:48',100.1294,2,11187),(60,4828,'2019-10-20 15:30:28',552.4835,2,6511),(61,4204,'2019-09-20 02:36:41',439.2405,2,15472),(62,422,'2019-03-29 19:43:34',10.2575,2,983),(63,4722,'2019-01-07 15:01:56',317.2343,2,6242),(64,1987,'2019-01-20 09:25:40',318.2743,2,4833),(65,2821,'2019-03-13 16:40:49',160.7139,2,12127),(66,4357,'2019-12-13 15:26:26',268.0802,2,5366),(67,8502,'2019-02-23 15:40:34',432.4183,2,20771),(68,8434,'2019-02-20 22:45:19',404.8361,2,20609),(69,3669,'2019-06-18 21:23:37',48.2886,2,14172),(70,4232,'2020-01-06 00:10:35',399.1870,2,15538),(71,8858,'2019-03-10 03:38:18',207.5118,2,21644),(72,941,'2019-06-17 04:23:58',327.5638,2,2252),(73,4981,'2020-01-08 16:15:34',588.2276,2,6900),(74,809,'2019-07-02 04:53:52',570.9623,2,1926),(75,8736,'2019-07-05 13:08:57',967.0100,2,21344),(76,6811,'2019-01-29 14:43:55',52.7495,2,16630),(77,6096,'2020-02-07 02:47:23',216.1653,2,9697),(78,6062,'2019-11-15 05:16:39',232.0644,2,9615),(79,6168,'2019-02-24 08:38:04',213.6160,2,9870),(80,7732,'2019-02-24 00:27:12',265.5619,2,24477),(81,6376,'2019-02-03 07:10:00',23.9188,2,10363),(82,5355,'2019-03-30 03:56:58',322.7307,2,7854),(83,8973,'2020-01-28 21:49:11',603.5798,2,21929),(84,1046,'2019-10-07 14:09:31',124.2268,2,2520),(85,1845,'2019-01-09 03:30:10',122.1429,2,4461),(86,7854,'2019-07-22 22:53:46',225.6621,2,19195),(87,3700,'2019-02-22 18:19:03',698.9961,2,14248),(88,1125,'2019-06-04 15:04:24',178.2837,2,2709),(89,7001,'2019-05-06 01:36:28',421.5743,2,17077),(90,7635,'2019-01-18 15:50:30',711.4635,2,18651),(91,8738,'2019-02-18 05:17:34',315.3551,2,21347),(92,3445,'2019-01-26 09:47:38',186.6084,2,13626),(93,6967,'2019-07-05 19:06:02',688.6427,2,16992),(94,5345,'2019-01-05 17:51:08',595.2367,2,7820),(95,1891,'2019-10-11 18:01:35',124.7138,2,4576),(96,4473,'2019-03-15 13:32:13',1396.0804,2,5650),(97,3558,'2019-01-09 02:58:42',1446.5242,2,13906),(98,7068,'2020-02-21 23:43:41',429.0989,2,17243),(99,4615,'2020-01-29 20:01:47',41.2325,2,5972),(100,5111,'2019-02-06 13:04:18',418.5662,2,7236);
/*!40000 ALTER TABLE `dbo.ORDERS` ENABLE KEYS */;
UNLOCK TABLES;

--
-- Table structure for table `dbo.PAYMENTS`
--

DROP TABLE IF EXISTS `dbo.PAYMENTS`;
/*!40101 SET @saved_cs_client     = @@character_set_client */;
/*!40101 SET character_set_client = utf8 */;
CREATE TABLE `dbo.PAYMENTS` (
  `ID` mediumint(9) DEFAULT NULL,
  `ORDERID` mediumint(9) DEFAULT NULL,
  `PAYMENTTYPE` tinyint(4) DEFAULT NULL,
  `DATE_` varchar(19) DEFAULT NULL,
  `ISOK` tinyint(4) DEFAULT NULL,
  `APPROVECODE` varchar(15) DEFAULT NULL,
  `PAYMENTTOTAL` decimal(9,4) DEFAULT NULL
) ENGINE=InnoDB DEFAULT CHARSET=utf8mb4;
/*!40101 SET character_set_client = @saved_cs_client */;

--
-- Dumping data for table `dbo.PAYMENTS`
--

LOCK TABLES `dbo.PAYMENTS` WRITE;
/*!40000 ALTER TABLE `dbo.PAYMENTS` DISABLE KEYS */;
INSERT INTO `dbo.PAYMENTS` VALUES (1,1,1,'2019-02-05 23:57:00',1,'APPRV0000000001',839.5700),(2,2,1,'2019-04-26 14:05:39',1,'APPRV0000000002',219.0500),(3,3,2,'2019-01-19 10:30:32',1,'APPRV0000000003',532.9100),(4,4,2,'2019-12-23 20:46:53',1,'APPRV0000000004',2.5500),(5,5,2,'2019-08-26 20:02:54',1,'APPRV0000000005',1135.4900),(6,6,2,'2019-08-14 00:01:30',1,'APPRV0000000006',535.9600),(7,7,1,'2020-03-19 02:29:33',1,'APPRV0000000007',427.5800),(8,8,2,'2019-12-22 07:52:48',1,'APPRV0000000008',231.0500),(9,9,2,'2020-01-15 01:59:46',1,'APPRV0000000009',232.1000),(10,10,2,'2019-02-24 21:36:24',1,'APPRV0000000010',266.6100),(11,11,2,'2019-07-06 22:47:29',1,'APPRV0000000011',80.4200),(12,12,1,'2020-02-11 12:23:37',1,'APPRV0000000012',659.7000),(13,13,2,'2019-09-02 11:29:30',1,'APPRV0000000013',739.9500),(14,14,2,'2019-07-12 10:00:22',1,'APPRV0000000014',132.5800),(15,15,1,'2019-12-27 08:17:42',1,'APPRV0000000015',270.1700),(16,16,1,'2020-02-22 17:21:39',1,'APPRV0000000016',836.6200),(17,17,1,'2019-08-17 03:32:28',1,'APPRV0000000017',287.8100),(18,18,2,'2020-01-22 16:56:05',1,'APPRV0000000018',560.6900),(19,19,1,'2019-10-16 11:07:22',1,'APPRV0000000019',2039.5400),(20,20,1,'2019-06-08 05:53:00',1,'APPRV0000000020',162.7000),(21,21,2,'2019-10-01 04:26:14',1,'APPRV0000000021',138.8900),(22,22,2,'2020-03-09 04:22:45',1,'APPRV0000000022',232.6200),(23,23,2,'2019-07-02 07:22:32',1,'APPRV0000000023',1420.8700),(24,24,2,'2019-04-07 15:30:16',1,'APPRV0000000024',37.4300),(25,25,2,'2020-01-21 19:32:41',1,'APPRV0000000025',469.9300),(26,26,2,'2019-06-29 22:30:12',1,'APPRV0000000026',510.0500),(27,27,1,'2019-05-01 10:35:48',1,'APPRV0000000027',733.6900),(28,28,1,'2020-03-20 06:36:06',1,'APPRV0000000028',449.5600),(29,29,2,'2019-05-28 11:16:21',1,'APPRV0000000029',359.8800),(30,30,1,'2019-01-09 05:46:44',1,'APPRV0000000030',863.4400),(31,31,2,'2019-04-13 04:39:11',1,'APPRV0000000031',5.2900),(32,32,1,'2019-02-24 12:29:40',1,'APPRV0000000032',157.2200),(33,33,1,'2019-07-10 01:43:31',1,'APPRV0000000033',5.2700),(34,34,2,'2019-08-14 23:48:44',1,'APPRV0000000034',602.6300),(35,35,1,'2019-08-13 06:49:25',1,'APPRV0000000035',798.9700),(36,36,2,'2019-09-22 10:42:34',1,'APPRV0000000036',276.0900),(37,37,2,'2019-09-04 01:50:29',1,'APPRV0000000037',591.1000),(38,38,1,'2019-11-21 01:22:30',1,'APPRV0000000038',646.4400),(39,39,1,'2020-01-19 04:36:06',1,'APPRV0000000039',589.0100),(40,40,2,'2020-02-03 15:02:03',1,'APPRV0000000040',268.9000),(41,41,2,'2019-12-22 02:37:44',1,'APPRV0000000041',81.8400),(42,42,1,'2020-02-27 23:35:22',1,'APPRV0000000042',123.6700),(43,43,1,'2019-08-24 19:57:40',1,'APPRV0000000043',264.7300),(44,44,1,'2019-04-18 05:30:48',1,'APPRV0000000044',841.1300),(45,45,1,'2019-01-07 09:11:52',1,'APPRV0000000045',605.1500),(46,46,1,'2019-03-15 07:37:49',1,'APPRV0000000046',55.9800),(47,47,2,'2019-01-07 06:25:54',1,'APPRV0000000047',502.4300),(48,48,2,'2019-02-01 23:50:46',1,'APPRV0000000048',35.6500),(49,49,2,'2020-01-27 07:46:25',1,'APPRV0000000049',318.7800),(50,50,1,'2020-03-06 02:22:12',1,'APPRV0000000050',356.8300),(51,51,2,'2020-01-31 12:55:50',1,'APPRV0000000051',613.3800),(52,52,2,'2019-05-23 09:59:50',1,'APPRV0000000052',453.0300),(53,53,2,'2019-01-18 12:45:55',1,'APPRV0000000053',587.8900),(54,54,2,'2019-01-25 18:59:06',1,'APPRV0000000054',702.5600),(55,55,1,'2020-01-05 05:05:51',1,'APPRV0000000055',554.8100),(56,56,2,'2020-01-14 03:37:13',1,'APPRV0000000056',68.0300),(57,57,2,'2019-04-06 05:46:10',1,'APPRV0000000057',271.3500),(58,58,2,'2019-02-25 17:57:57',1,'APPRV0000000058',381.4100),(59,59,1,'2019-04-01 19:21:50',1,'APPRV0000000059',100.1300),(60,60,1,'2019-10-20 15:30:30',1,'APPRV0000000060',552.4800),(61,61,2,'2019-09-20 02:36:43',1,'APPRV0000000061',439.2400),(62,62,1,'2019-03-29 19:43:36',1,'APPRV0000000062',10.2600),(63,63,2,'2019-01-07 15:01:58',1,'APPRV0000000063',317.2300),(64,64,1,'2019-01-20 09:25:42',1,'APPRV0000000064',318.2700),(65,65,1,'2019-03-13 16:40:51',1,'APPRV0000000065',160.7100),(66,66,1,'2019-12-13 15:26:28',1,'APPRV0000000066',268.0800),(67,67,2,'2019-02-23 15:40:36',1,'APPRV0000000067',432.4200),(68,68,2,'2019-02-20 22:45:21',1,'APPRV0000000068',404.8400),(69,69,1,'2019-06-18 21:23:39',1,'APPRV0000000069',48.2900),(70,70,1,'2020-01-06 00:10:37',1,'APPRV0000000070',399.1900),(71,71,2,'2019-03-10 03:38:20',1,'APPRV0000000071',207.5100),(72,72,1,'2019-06-17 04:24:00',1,'APPRV0000000072',327.5600),(73,73,1,'2020-01-08 16:15:36',1,'APPRV0000000073',588.2300),(74,74,2,'2019-07-02 04:53:54',1,'APPRV0000000074',570.9600),(75,75,2,'2019-07-05 13:08:59',1,'APPRV0000000075',967.0100),(76,76,1,'2019-01-29 14:43:57',1,'APPRV0000000076',52.7500),(77,77,1,'2020-02-07 02:47:25',1,'APPRV0000000077',216.1700),(78,78,2,'2019-11-15 05:16:41',1,'APPRV0000000078',232.0600),(79,79,2,'2019-02-24 08:38:06',1,'APPRV0000000079',213.6200),(80,80,1,'2019-02-24 00:27:14',1,'APPRV0000000080',265.5600),(81,81,2,'2019-02-03 07:10:02',1,'APPRV0000000081',23.9200),(82,82,2,'2019-03-30 03:57:00',1,'APPRV0000000082',322.7300),(83,83,2,'2020-01-28 21:49:13',1,'APPRV0000000083',603.5800),(84,84,1,'2019-10-07 14:09:33',1,'APPRV0000000084',124.2300),(85,85,2,'2019-01-09 03:30:12',1,'APPRV0000000085',122.1400),(86,86,2,'2019-07-22 22:53:48',1,'APPRV0000000086',225.6600),(87,87,1,'2019-02-22 18:19:05',1,'APPRV0000000087',699.0000),(88,88,2,'2019-06-04 15:04:26',1,'APPRV0000000088',178.2800),(89,89,1,'2019-05-06 01:36:30',1,'APPRV0000000089',421.5700),(90,90,2,'2019-01-18 15:50:32',1,'APPRV0000000090',711.4600),(91,91,1,'2019-02-18 05:17:36',1,'APPRV0000000091',315.3600),(92,92,2,'2019-01-26 09:47:40',1,'APPRV0000000092',186.6100),(93,93,2,'2019-07-05 19:06:04',1,'APPRV0000000093',688.6400),(94,94,1,'2019-01-05 17:51:10',1,'APPRV0000000094',595.2400),(95,95,2,'2019-10-11 18:01:37',1,'APPRV0000000095',124.7100),(96,96,2,'2019-03-15 13:32:15',1,'APPRV0000000096',1396.0800),(97,97,1,'2019-01-09 02:58:44',1,'APPRV0000000097',1446.5200),(98,98,1,'2020-02-21 23:43:43',1,'APPRV0000000098',429.1000),(99,99,1,'2020-01-29 20:01:49',1,'APPRV0000000099',41.2300),(100,100,1,'2019-02-06 13:04:20',1,'APPRV0000000100',418.5700);
/*!40000 ALTER TABLE `dbo.PAYMENTS` ENABLE KEYS */;
UNLOCK TABLES;

--
-- Table structure for table `dbo.SALEORDERS`
--

DROP TABLE IF EXISTS `dbo.SALEORDERS`;
/*!40101 SET @saved_cs_client     = @@character_set_client */;
/*!40101 SET character_set_client = utf8 */;
CREATE TABLE `dbo.SALEORDERS` (
  `ID` mediumint(9) DEFAULT NULL,
  `USERNAME_` varchar(26) DEFAULT NULL,
  `NAMESURNAME` varchar(28) DEFAULT NULL,
  `TELNR1` varchar(12) DEFAULT NULL,
  `TELNR2` varchar(12) DEFAULT NULL,
  `COUNTRY` varchar(7) DEFAULT NULL,
  `CITY` varchar(14) DEFAULT NULL,
  `TOWN` varchar(21) DEFAULT NULL,
  `ADDRESSTEXT` varchar(107) DEFAULT NULL,
  `ORDERID` mediumint(9) DEFAULT NULL,
  `ITEMCODE` mediumint(9) DEFAULT NULL,
  `ITEMNAME` varchar(86) DEFAULT NULL,
  `BRAND` varchar(16) DEFAULT NULL,
  `CATEGORY1` varchar(15) DEFAULT NULL,
  `CATEGORY2` varchar(26) DEFAULT NULL,
  `CATEGORY3` varchar(28) DEFAULT NULL,
  `CATEGORY4` varchar(32) DEFAULT NULL,
  `AMOUNT` tinyint(4) DEFAULT NULL,
  `UNITPRICE` decimal(8,4) DEFAULT NULL,
  `LINETOTAL` decimal(9,4) DEFAULT NULL,
  `ORDERDATE` varchar(10) DEFAULT NULL,
  `ORDERTIME` varchar(8) DEFAULT NULL,
  `YEAR_` smallint(6) DEFAULT NULL,
  `MONTH_` varchar(6) DEFAULT NULL,
  `DAYOFWEEK_` varchar(6) DEFAULT NULL
) ENGINE=InnoDB DEFAULT CHARSET=utf8mb4;
/*!40101 SET character_set_client = @saved_cs_client */;

--
-- Dumping data for table `dbo.SALEORDERS`
--

LOCK TABLES `dbo.SALEORDERS` WRITE;
/*!40000 ALTER TABLE `dbo.SALEORDERS` DISABLE KEYS */;
INSERT INTO `dbo.SALEORDERS` VALUES (1,'O_CANKIRILI','Oğuz ÇANKIRILI','(542)1423748','(534)7378778','TÜRKİYE','KASTAMONU','DADAY','MERKEZ MAH.KARDELEN SOKAK NO:130 98276 DADAY/KASTAMONU',1,1623,'DOKME KIMYON 10 KG. ','NERGIS','GIDA','TUZ-BAHARAT','BAHARAT','KIMYON',2,13.0760,26.1520,'2019-02-05','23:56:58',2019,'02.ŞUB','02.SAL'),(2,'O_CANKIRILI','Oğuz ÇANKIRILI','(542)1423748','(534)7378778','TÜRKİYE','KASTAMONU','DADAY','MERKEZ MAH.KARDELEN SOKAK NO:130 98276 DADAY/KASTAMONU',1,7643,'SILA TRUVA 1 NO CAYDANLIK','SILA','EV','MUTFAK GERECLERI','MUTFAK ESYA-GERECLERI','CAYDANLIK',5,59.5866,297.9330,'2019-02-05','23:56:58',2019,'02.ŞUB','02.SAL'),(3,'O_CANKIRILI','Oğuz ÇANKIRILI','(542)1423748','(534)7378778','TÜRKİYE','KASTAMONU','DADAY','MERKEZ MAH.KARDELEN SOKAK NO:130 98276 DADAY/KASTAMONU',1,1653,'OB.D.FIR.NATURAL FRESH MED 40(2+1)*96*','ORAL B','KOZMETIK','AGIZ BAKIM','DIS FIRCALARI-IPLER','FIRCALAR',8,36.9253,295.4027,'2019-02-05','23:56:58',2019,'02.ŞUB','02.SAL'),(4,'O_CANKIRILI','Oğuz ÇANKIRILI','(542)1423748','(534)7378778','TÜRKİYE','KASTAMONU','DADAY','MERKEZ MAH.KARDELEN SOKAK NO:130 98276 DADAY/KASTAMONU',1,9524,'BREF SOLID STICK PINE 40 GR*24*','BREF','TEMIZLIK','EV TEMIZLEYICILER','TUVALET TEMIZLEYICILER','KOKU GIDERICI',3,3.2519,9.7556,'2019-02-05','23:56:58',2019,'02.ŞUB','02.SAL'),(5,'O_CANKIRILI','Oğuz ÇANKIRILI','(542)1423748','(534)7378778','TÜRKİYE','KASTAMONU','DADAY','MERKEZ MAH.KARDELEN SOKAK NO:130 98276 DADAY/KASTAMONU',1,33802,'OBA MAK.TEL SEHRIYE 500 GR *20*','OBA','GIDA','BAKLIYAT-MAKARNA','MAKARNA','SEHRIYE',1,1.1610,1.1610,'2019-02-05','23:56:58',2019,'02.ŞUB','02.SAL'),(6,'O_CANKIRILI','Oğuz ÇANKIRILI','(542)1423748','(534)7378778','TÜRKİYE','KASTAMONU','DADAY','MERKEZ MAH.KARDELEN SOKAK NO:130 98276 DADAY/KASTAMONU',1,7904,'OYUNCAK METAL ARAB.SETI 5 PCS(DIE CAST) ','OYUNCAK','OYUNCAK','ZEKA GELISTIRICI','OYUNCAKLAR','BEBE OYUNCAK',9,23.2405,209.1649,'2019-02-05','23:56:58',2019,'02.ŞUB','02.SAL'),(7,'Z_DALAMANLI','Zehra DALAMANLI','(505)7894264','(555)3738148','TÜRKİYE','İSTANBUL','SULTANBEYLİ','TURGUT REİS MAH.MEHTER SOKAK NO:819 96429 SULTANBEYLİ/İSTANBUL',2,29171,'YOBO F405 CICITLI KORUKLU DOSYA','KIRTASIYELER','EV','KITAP-DERGI-KIRTASIYE','KIRTASIYE','KIRTASIYE GERECLERI',3,7.1096,21.3287,'2019-04-26','14:05:37',2019,'04.NİS','05.CUM'),(8,'Z_DALAMANLI','Zehra DALAMANLI','(505)7894264','(555)3738148','TÜRKİYE','İSTANBUL','SULTANBEYLİ','TURGUT REİS MAH.MEHTER SOKAK NO:819 96429 SULTANBEYLİ/İSTANBUL',2,2966,'DALIN SAMP.125 ML KUCUK *48*','DALIN','BEBEK','BEBE MALZEMELERI','BEBEK BAKIM','BEBE SAMPUANLARI',6,8.1317,48.7900,'2019-04-26','14:05:37',2019,'04.NİS','05.CUM'),(9,'Z_DALAMANLI','Zehra DALAMANLI','(505)7894264','(555)3738148','TÜRKİYE','İSTANBUL','SULTANBEYLİ','TURGUT REİS MAH.MEHTER SOKAK NO:819 96429 SULTANBEYLİ/İSTANBUL',2,24751,'OLUMU OZLEMEYEN ASKI ANLAYAMAZ','KITAPLAR','EV','KITAP-DERGI-KIRTASIYE','KITAP','KITAPLAR',2,4.1933,8.3866,'2019-04-26','14:05:37',2019,'04.NİS','05.CUM'),(10,'Z_DALAMANLI','Zehra DALAMANLI','(505)7894264','(555)3738148','TÜRKİYE','İSTANBUL','SULTANBEYLİ','TURGUT REİS MAH.MEHTER SOKAK NO:819 96429 SULTANBEYLİ/İSTANBUL',2,31831,'SEK M.SUYU 1 LT KARISIK *12*','SEK','SOGUK ICECEKLER','GAZSIZ ICECEK','MEYVE SUYU','KARISIKLAR',1,3.4044,3.4044,'2019-04-26','14:05:37',2019,'04.NİS','05.CUM'),(11,'Z_DALAMANLI','Zehra DALAMANLI','(505)7894264','(555)3738148','TÜRKİYE','İSTANBUL','SULTANBEYLİ','TURGUT REİS MAH.MEHTER SOKAK NO:819 96429 SULTANBEYLİ/İSTANBUL',2,24933,'FARMER KALEMUCU CAKMAKLI 05','KIRTASIYELER','EV','KITAP-DERGI-KIRTASIYE','KIRTASIYE','KIRTASIYE GERECLERI',2,2.0721,4.1443,'2019-04-26','14:05:37',2019,'04.NİS','05.CUM'),(12,'Z_DALAMANLI','Zehra DALAMANLI','(505)7894264','(555)3738148','TÜRKİYE','İSTANBUL','SULTANBEYLİ','TURGUT REİS MAH.MEHTER SOKAK NO:819 96429 SULTANBEYLİ/İSTANBUL',2,9496,'BERRAK COCUK ATLET','BERRAK','BEBEK','TEKSTIL-GIYIM-AKSESUAR','CAMASIRLAR','COCUK CAMASIR',2,2.2500,4.5000,'2019-04-26','14:05:37',2019,'04.NİS','05.CUM'),(13,'Z_DALAMANLI','Zehra DALAMANLI','(505)7894264','(555)3738148','TÜRKİYE','İSTANBUL','SULTANBEYLİ','TURGUT REİS MAH.MEHTER SOKAK NO:819 96429 SULTANBEYLİ/İSTANBUL',2,34614,'OMUR LEBLEBI SEKERI 250 GR ','OMUR','GIDA','BISKUVI-CEREZ','KURUYEMIS','DIGER KURUYEMIS',4,4.3802,17.5209,'2019-04-26','14:05:37',2019,'04.NİS','05.CUM'),(14,'Z_DALAMANLI','Zehra DALAMANLI','(505)7894264','(555)3738148','TÜRKİYE','İSTANBUL','SULTANBEYLİ','TURGUT REİS MAH.MEHTER SOKAK NO:819 96429 SULTANBEYLİ/İSTANBUL',2,8626,'F 033 FLORA SUPURGELI FARAS TAKIMI','FLORA','TEMIZLIK','EV TEMIZLIK GERECLERI','TEMIZLIK BEZLERI VE SETLER','PASPAS',4,5.0872,20.3486,'2019-04-26','14:05:37',2019,'04.NİS','05.CUM'),(15,'Z_DALAMANLI','Zehra DALAMANLI','(505)7894264','(555)3738148','TÜRKİYE','İSTANBUL','SULTANBEYLİ','TURGUT REİS MAH.MEHTER SOKAK NO:819 96429 SULTANBEYLİ/İSTANBUL',2,44996,'KITAP MATRIX VE FELSEFE ','KITAPLAR','EV','KITAP-DERGI-KIRTASIYE','KITAP','KITAPLAR',6,13.1827,79.0960,'2019-04-26','14:05:37',2019,'04.NİS','05.CUM'),(16,'Z_DALAMANLI','Zehra DALAMANLI','(505)7894264','(555)3738148','TÜRKİYE','İSTANBUL','SULTANBEYLİ','TURGUT REİS MAH.MEHTER SOKAK NO:819 96429 SULTANBEYLİ/İSTANBUL',2,34270,'YAYLA NOHUT 1 KG KOCBASI *16*','YAYLA','GIDA','BAKLIYAT-MAKARNA','BAKLIYAT','NOHUTLAR',1,11.5255,11.5255,'2019-04-26','14:05:37',2019,'04.NİS','05.CUM'),(17,'F_HASLAK','Furkan HAŞLAK','(537)8918834','(537)5924679','TÜRKİYE','İSTANBUL','ARNAVUTKÖY','YAVUZ SELİM MAH.GÜRBÜZ SOKAK NO:575 119257 ARNAVUTKÖY/İSTANBUL',3,30019,'CAYKUR  ORGANIK HEM.CAYI 400 GR KUTU *20*','CAYKUR','CAY-KAHVE-SEKER','GAZSIZ ICECEK','CAY','DOKME',2,24.9790,49.9581,'2019-01-19','10:30:30',2019,'01.OCK','06.CMT'),(18,'F_HASLAK','Furkan HAŞLAK','(537)8918834','(537)5924679','TÜRKİYE','İSTANBUL','ARNAVUTKÖY','YAVUZ SELİM MAH.GÜRBÜZ SOKAK NO:575 119257 ARNAVUTKÖY/İSTANBUL',3,38017,'GEZER BEBE KIZ TERLİK GT5YBF.07305.01','GEZER','EV','TEKSTIL-GIYIM-AKSESUAR','AYAKKABI-TERLIK','AYAK GIYIM',6,23.0023,138.0136,'2019-01-19','10:30:30',2019,'01.OCK','06.CMT'),(19,'F_HASLAK','Furkan HAŞLAK','(537)8918834','(537)5924679','TÜRKİYE','İSTANBUL','ARNAVUTKÖY','YAVUZ SELİM MAH.GÜRBÜZ SOKAK NO:575 119257 ARNAVUTKÖY/İSTANBUL',3,6345,'PASTEL OJE 79','PASTEL','KOZMETIK','MAKYAJ','MAKYAJ MALZEMELERI','OJE',8,7.7529,62.0232,'2019-01-19','10:30:30',2019,'01.OCK','06.CMT'),(20,'F_HASLAK','Furkan HAŞLAK','(537)8918834','(537)5924679','TÜRKİYE','İSTANBUL','ARNAVUTKÖY','YAVUZ SELİM MAH.GÜRBÜZ SOKAK NO:575 119257 ARNAVUTKÖY/İSTANBUL',3,38056,'F 052 FLOSOFT S.SABUNL.FOTOSEL.800 ML','FLORA','TEMIZLIK','EV GERECLERI','EV PLASTIK GERECLERI','PLASTIK',4,55.1435,220.5740,'2019-01-19','10:30:30',2019,'01.OCK','06.CMT'),(21,'F_HASLAK','Furkan HAŞLAK','(537)8918834','(537)5924679','TÜRKİYE','İSTANBUL','ARNAVUTKÖY','YAVUZ SELİM MAH.GÜRBÜZ SOKAK NO:575 119257 ARNAVUTKÖY/İSTANBUL',3,3918,'CALGON  3X500 GR TOZ *10*','CALGON','DETERJAN','BULASIK YIKAMA','BULASIK MAKINASI URUNLERI','KIREC ONLEYICI',3,19.8382,59.5146,'2019-01-19','10:30:30',2019,'01.OCK','06.CMT'),(22,'F_HASLAK','Furkan HAŞLAK','(537)8918834','(537)5924679','TÜRKİYE','İSTANBUL','ARNAVUTKÖY','YAVUZ SELİM MAH.GÜRBÜZ SOKAK NO:575 119257 ARNAVUTKÖY/İSTANBUL',3,3304,'DR.OETKER PASTACI KREM.CIK. 60 GR*12','DROETKER','GIDA','UNLU MAMUL-TATLI','PASTA MALZEMELERI','',1,2.8271,2.8271,'2019-01-19','10:30:30',2019,'01.OCK','06.CMT'),(23,'S_BAYAOGLU','Şeyda BAYAOĞLU','(533)2361881','(537)4128920','TÜRKİYE','KARAMAN','AYRANCI','DEDE MAH.ŞAHABETTİN HARPUT SOKAK NO:351 115921 AYRANCI/KARAMAN',4,38464,'TICON OYUN HAMURU 6 RNK','KIRTASIYELER','EV','KITAP-DERGI-KIRTASIYE','KIRTASIYE','KIRTASIYE GERECLERI',2,1.2769,2.5538,'2019-12-23','20:46:51',2019,'12.ARA','01.PZT'),(24,'F_DENIZALP','Fikret DENİZALP','(533)4339562','(544)1803094','TÜRKİYE','TEKİRDAĞ','ÇERKEZKÖY','KAPAKLI-CUMHURİYET MAH.KOSOVA SOKAK NO:338 110905 ÇERKEZKÖY/TEKİRDAĞ',5,37859,'KUTULU SUNGER ATAN TABANCA  NERF','OYUNCAK','OYUNCAK','ZEKA GELISTIRICI','OYUNCAKLAR','BEBE OYUNCAK',6,133.3737,800.2424,'2019-08-26','20:02:52',2019,'08.AGU','01.PZT'),(25,'F_DENIZALP','Fikret DENİZALP','(533)4339562','(544)1803094','TÜRKİYE','TEKİRDAĞ','ÇERKEZKÖY','KAPAKLI-CUMHURİYET MAH.KOSOVA SOKAK NO:338 110905 ÇERKEZKÖY/TEKİRDAĞ',5,9513,'DOVE CREAM  BAR 90 GR EXT.FRESH*48*','DOVE','KOZMETIK','DUS-BANYO','KATI SABUNLAR','EL VE YUZ ',10,8.7386,87.3857,'2019-08-26','20:02:52',2019,'08.AGU','01.PZT'),(26,'F_DENIZALP','Fikret DENİZALP','(533)4339562','(544)1803094','TÜRKİYE','TEKİRDAĞ','ÇERKEZKÖY','KAPAKLI-CUMHURİYET MAH.KOSOVA SOKAK NO:338 110905 ÇERKEZKÖY/TEKİRDAĞ',5,9647,'VERNEL MAX 1440 ML+PERWOL 1LT SIYAH *5*','VERNEL','DETERJAN','CAMASIR YIKAMA','CAMASIR YUMUSATICILAR','KONSANTRE',7,35.4094,247.8657,'2019-08-26','20:02:52',2019,'08.AGU','01.PZT'),(27,'D_ALAS','Deniz ALAS','(541)1216112','(542)3014031','TÜRKİYE','MERSİN','BOZYAZI','TEKMEN-LİMANAĞZI MAH.KARATAŞ SOKAK NO:636 95199 BOZYAZI/MERSİN',6,27563,'TOTAL SINO 13 TUSLU  MELODIKA  ','KIRTASIYELER','EV','KITAP-DERGI-KIRTASIYE','KIRTASIYE','KIRTASIYE GERECLERI',2,8.7421,17.4842,'2019-08-14','00:01:28',2019,'08.AGU','03.ÇAR'),(28,'D_ALAS','Deniz ALAS','(541)1216112','(542)3014031','TÜRKİYE','MERSİN','BOZYAZI','TEKMEN-LİMANAĞZI MAH.KARATAŞ SOKAK NO:636 95199 BOZYAZI/MERSİN',6,23512,'P.BA.AKDENIZ 3\'LU OMLET TAVA','PASA BAHCE','EV','MUTFAK GERECLERI','MUTFAK ESYA-GERECLERI','TAVA',1,41.6383,41.6383,'2019-08-14','00:01:28',2019,'08.AGU','03.ÇAR'),(29,'D_ALAS','Deniz ALAS','(541)1216112','(542)3014031','TÜRKİYE','MERSİN','BOZYAZI','TEKMEN-LİMANAĞZI MAH.KARATAŞ SOKAK NO:636 95199 BOZYAZI/MERSİN',6,33233,'OLUME BOYUN EGMEYEN ADAM','KITAPLAR','EV','KITAP-DERGI-KIRTASIYE','KITAP','KITAPLAR',3,3.6591,10.9774,'2019-08-14','00:01:28',2019,'08.AGU','03.ÇAR'),(30,'D_ALAS','Deniz ALAS','(541)1216112','(542)3014031','TÜRKİYE','MERSİN','BOZYAZI','TEKMEN-LİMANAĞZI MAH.KARATAŞ SOKAK NO:636 95199 BOZYAZI/MERSİN',6,16369,'NAMALDI (RIB) 121 ERK.UZ.KOL.BEY.FANILA 2-M','NAMALDI','EV','TEKSTIL-GIYIM-AKSESUAR','CAMASIRLAR','ERKEK CAMASIR',10,18.0572,180.5718,'2019-08-14','00:01:28',2019,'08.AGU','03.ÇAR'),(31,'D_ALAS','Deniz ALAS','(541)1216112','(542)3014031','TÜRKİYE','MERSİN','BOZYAZI','TEKMEN-LİMANAĞZI MAH.KARATAŞ SOKAK NO:636 95199 BOZYAZI/MERSİN',6,38717,'FRITOLOY RUFFLES KETC.PARTI 144 GR *19*','FRITOLAY','GIDA','BISKUVI-CEREZ','CIPS','CIPSLER',5,6.4576,32.2881,'2019-08-14','00:01:28',2019,'08.AGU','03.ÇAR'),(32,'D_ALAS','Deniz ALAS','(541)1216112','(542)3014031','TÜRKİYE','MERSİN','BOZYAZI','TEKMEN-LİMANAĞZI MAH.KARATAŞ SOKAK NO:636 95199 BOZYAZI/MERSİN',6,2600,'COLGATE D.MAC.125 ML MISVAK BEY.*48*','COLGATE','KOZMETIK','AGIZ BAKIM','DIS MACUNLARI','MACUNLAR',7,7.0576,49.4033,'2019-08-14','00:01:28',2019,'08.AGU','03.ÇAR'),(33,'D_ALAS','Deniz ALAS','(541)1216112','(542)3014031','TÜRKİYE','MERSİN','BOZYAZI','TEKMEN-LİMANAĞZI MAH.KARATAŞ SOKAK NO:636 95199 BOZYAZI/MERSİN',6,28336,'KITAP YOLCU','KITAPLAR','EV','KITAP-DERGI-KIRTASIYE','KITAP','KITAPLAR',9,5.8821,52.9389,'2019-08-14','00:01:28',2019,'08.AGU','03.ÇAR'),(34,'D_ALAS','Deniz ALAS','(541)1216112','(542)3014031','TÜRKİYE','MERSİN','BOZYAZI','TEKMEN-LİMANAĞZI MAH.KARATAŞ SOKAK NO:636 95199 BOZYAZI/MERSİN',6,38780,'CLEAR MEN 350 ML S.DOK.KARS.ETK.*30*','CLEAR','KOZMETIK','DUS-BANYO','SAMPUANLAR','KREMSIZ SAMPUANLAR',3,10.7107,32.1320,'2019-08-14','00:01:28',2019,'08.AGU','03.ÇAR'),(35,'D_ALAS','Deniz ALAS','(541)1216112','(542)3014031','TÜRKİYE','MERSİN','BOZYAZI','TEKMEN-LİMANAĞZI MAH.KARATAŞ SOKAK NO:636 95199 BOZYAZI/MERSİN',6,44431,'DERGI HOME ART','DERGILER','EV','KITAP-DERGI-KIRTASIYE','DERGI','HAFTALIK',3,15.3325,45.9976,'2019-08-14','00:01:28',2019,'08.AGU','03.ÇAR'),(36,'D_ALAS','Deniz ALAS','(541)1216112','(542)3014031','TÜRKİYE','MERSİN','BOZYAZI','TEKMEN-LİMANAĞZI MAH.KARATAŞ SOKAK NO:636 95199 BOZYAZI/MERSİN',6,59,'ELMA MISKET','ELMA','MEYVE','MANAV','MANAV','MEYVELER',9,8.0592,72.5329,'2019-08-14','00:01:28',2019,'08.AGU','03.ÇAR'),(37,'H_HASHASLI','Halil HAŞHAŞLI','(533)8502886','(542)4102316','TÜRKİYE','BURSA','OSMANGAZİ','MURADİYE MAH.KAPTANLAR SOKAK NO:188 86039 OSMANGAZİ/BURSA',7,24862,'JACOBS CRONAT GOLD  45 GR POS.*12*','JACOBS','SICAK ICECEKLER','GUNLUK ICECEK','KAHVE','HAZIR KAHVELER',9,5.5828,50.2451,'2020-03-19','02:29:31',2020,'03.MAR','04.PER'),(38,'H_HASHASLI','Halil HAŞHAŞLI','(533)8502886','(542)4102316','TÜRKİYE','BURSA','OSMANGAZİ','MURADİYE MAH.KAPTANLAR SOKAK NO:188 86039 OSMANGAZİ/BURSA',7,5438,'CIF MIKROFIBER CAM BEZI *28*','CIF','TEMIZLIK','EV TEMIZLIK GERECLERI','TEMIZLIK BEZLERI VE SETLER','BEZ',4,12.8063,51.2251,'2020-03-19','02:29:31',2020,'03.MAR','04.PER'),(39,'H_HASHASLI','Halil HAŞHAŞLI','(533)8502886','(542)4102316','TÜRKİYE','BURSA','OSMANGAZİ','MURADİYE MAH.KAPTANLAR SOKAK NO:188 86039 OSMANGAZİ/BURSA',7,2043,'NEM DENGESI KURU/ÇOK KURU (Pembe)','GARNIER ','KOZMETIK','KISISEL BAKIM','CILT BAKIM','TEMIZLEME JEL-KREM-PEELING',10,17.9891,179.8905,'2020-03-19','02:29:31',2020,'03.MAR','04.PER'),(40,'H_HASHASLI','Halil HAŞHAŞLI','(533)8502886','(542)4102316','TÜRKİYE','BURSA','OSMANGAZİ','MURADİYE MAH.KAPTANLAR SOKAK NO:188 86039 OSMANGAZİ/BURSA',7,5927,'SCRIKSS 78 TUKENMEZ KALEM SIYAH','KIRTASIYELER','EV','KITAP-DERGI-KIRTASIYE','KIRTASIYE','KIRTASIYE GERECLERI',10,1.2160,12.1598,'2020-03-19','02:29:31',2020,'03.MAR','04.PER'),(41,'H_HASHASLI','Halil HAŞHAŞLI','(533)8502886','(542)4102316','TÜRKİYE','BURSA','OSMANGAZİ','MURADİYE MAH.KAPTANLAR SOKAK NO:188 86039 OSMANGAZİ/BURSA',7,40578,'KITAP NAR KOKULU MASALLAR','KITAPLAR','EV','KITAP-DERGI-KIRTASIYE','KITAP','KITAPLAR',7,13.5968,95.1778,'2020-03-19','02:29:31',2020,'03.MAR','04.PER'),(42,'H_HASHASLI','Halil HAŞHAŞLI','(533)8502886','(542)4102316','TÜRKİYE','BURSA','OSMANGAZİ','MURADİYE MAH.KAPTANLAR SOKAK NO:188 86039 OSMANGAZİ/BURSA',7,20208,'MIMAKS BANT KESME MAKINASI ','KIRTASIYELER','EV','KITAP-DERGI-KIRTASIYE','KIRTASIYE','KIRTASIYE GERECLERI',4,7.6465,30.5860,'2020-03-19','02:29:31',2020,'03.MAR','04.PER'),(43,'H_HASHASLI','Halil HAŞHAŞLI','(533)8502886','(542)4102316','TÜRKİYE','BURSA','OSMANGAZİ','MURADİYE MAH.KAPTANLAR SOKAK NO:188 86039 OSMANGAZİ/BURSA',7,28069,'PANTHER MAKET BIÇAGI B*L208 ','KIRTASIYELER','EV','KITAP-DERGI-KIRTASIYE','KIRTASIYE','KIRTASIYE GERECLERI',6,1.3830,8.2982,'2020-03-19','02:29:31',2020,'03.MAR','04.PER'),(44,'O_ZARA','Orhan ZARA','(544)3347248','(544)6913673','TÜRKİYE','ANKARA','YENİMAHALLE','BARIŞTEPE MAH.770. SOKAK NO:527 81257 YENİMAHALLE/ANKARA',8,19784,'GEZER NEO KLASIK MERDANE 5141000','GEZER','EV','TEKSTIL-GIYIM-AKSESUAR','AYAKKABI-TERLIK','AYAK GIYIM',5,4.5644,22.8222,'2019-12-22','07:52:46',2019,'12.ARA','07.PAZ'),(45,'O_ZARA','Orhan ZARA','(544)3347248','(544)6913673','TÜRKİYE','ANKARA','YENİMAHALLE','BARIŞTEPE MAH.770. SOKAK NO:527 81257 YENİMAHALLE/ANKARA',8,27548,'MILUPA APTAMIL 500 GR TAHIL KARISIMI','MILUPA','BEBEK','HAZIR YEMEK-MAMA','HAZIR COCUK YEMEKLERI','HAZIR MAMALAR',7,18.7071,130.9498,'2019-12-22','07:52:46',2019,'12.ARA','07.PAZ'),(46,'O_ZARA','Orhan ZARA','(544)3347248','(544)6913673','TÜRKİYE','ANKARA','YENİMAHALLE','BARIŞTEPE MAH.770. SOKAK NO:527 81257 YENİMAHALLE/ANKARA',8,9609,'PINAR SUT 500 ML KALSIYUM*12*','PINAR','KAHVALTILIK','SUT-YOGURT-PEYNIR','SUT','SADE',6,2.6677,16.0061,'2019-12-22','07:52:46',2019,'12.ARA','07.PAZ'),(47,'O_ZARA','Orhan ZARA','(544)3347248','(544)6913673','TÜRKİYE','ANKARA','YENİMAHALLE','BARIŞTEPE MAH.770. SOKAK NO:527 81257 YENİMAHALLE/ANKARA',8,17274,'FATIH KIRMIZI KALEM','KIRTASIYELER','EV','KITAP-DERGI-KIRTASIYE','KIRTASIYE','KIRTASIYE GERECLERI',7,1.3519,9.4631,'2019-12-22','07:52:46',2019,'12.ARA','07.PAZ'),(48,'O_ZARA','Orhan ZARA','(544)3347248','(544)6913673','TÜRKİYE','ANKARA','YENİMAHALLE','BARIŞTEPE MAH.770. SOKAK NO:527 81257 YENİMAHALLE/ANKARA',8,13050,'ALPELLA 1581-7 KARE BOL SUT.KRML.60 GR*72*','ULKER','SEKERLEME','CIKOLATA-GOFRET','CIKOLATA','TABLET CIKOLATA',10,1.4359,14.3592,'2019-12-22','07:52:46',2019,'12.ARA','07.PAZ'),(49,'O_ZARA','Orhan ZARA','(544)3347248','(544)6913673','TÜRKİYE','ANKARA','YENİMAHALLE','BARIŞTEPE MAH.770. SOKAK NO:527 81257 YENİMAHALLE/ANKARA',8,25694,'PAKMAYA PASTA KREM.CIK.162 GR*12*','PAKMAYA','GIDA','UNLU MAMUL-TATLI','PASTA MALZEMELERI','KAKAO',4,5.4622,21.8489,'2019-12-22','07:52:46',2019,'12.ARA','07.PAZ'),(50,'O_ZARA','Orhan ZARA','(544)3347248','(544)6913673','TÜRKİYE','ANKARA','YENİMAHALLE','BARIŞTEPE MAH.770. SOKAK NO:527 81257 YENİMAHALLE/ANKARA',8,2187,'KONTEYNER PORTAKAL FINIKE','PORTAKAL','MEYVE','MANAV','MANAV','MEYVELER',7,2.2285,15.5993,'2019-12-22','07:52:46',2019,'12.ARA','07.PAZ'),(51,'D_TANTA','Didem TANTA','(542)1213517','(544)7853792','TÜRKİYE','MERSİN','MEZİTLİ','FINDIKPINARI-BEŞKOZ MAH.210. SOKAK NO:488 95080 MEZİTLİ/MERSİN',9,23508,'GURPAS 35X50 SPR.RESIM DEFTERI ','KIRTASIYELER','EV','KITAP-DERGI-KIRTASIYE','KIRTASIYE','KIRTASIYE GERECLERI',2,1.2278,2.4557,'2020-01-15','01:59:44',2020,'01.OCK','03.ÇAR'),(52,'D_TANTA','Didem TANTA','(542)1213517','(544)7853792','TÜRKİYE','MERSİN','MEZİTLİ','FINDIKPINARI-BEŞKOZ MAH.210. SOKAK NO:488 95080 MEZİTLİ/MERSİN',9,29817,'PRT.SARAY TUZ IYOTLU SOF.TUZU 250 GR','SARAY','GIDA','TUZ-BAHARAT','TUZ','PAKET',5,2.0092,10.0459,'2020-01-15','01:59:44',2020,'01.OCK','03.ÇAR'),(53,'D_TANTA','Didem TANTA','(542)1213517','(544)7853792','TÜRKİYE','MERSİN','MEZİTLİ','FINDIKPINARI-BEŞKOZ MAH.210. SOKAK NO:488 95080 MEZİTLİ/MERSİN',9,5155,'CALVE KETCAP ACILI 600 GR+MAYONEZ 540 GR *8*','CALVE','GIDA','HAZIR YEMEK-KONSERVE-SALCA','KETCAP-MAYONEZ','KETCAPLAR',8,27.4494,219.5953,'2020-01-15','01:59:44',2020,'01.OCK','03.ÇAR'),(54,'H_HVSEYIN','Hasan Hüseyin ÖZÇAY','(538)7188798','(537)3709169','TÜRKİYE','MERSİN','TOROSLAR','ÇİFTÇİLER MAH.1106. SOKAK NO:80 119733 TOROSLAR/MERSİN',10,18259,'ULKER 866-04 ALBENI VIVA 36 GR *144*','ULKER','SEKERLEME','CIKOLATA-GOFRET','CIKOLATA','BAR VE KAPLAMALILAR',2,1.8212,3.6424,'2019-02-24','21:36:22',2019,'02.ŞUB','07.PAZ'),(55,'H_HVSEYIN','Hasan Hüseyin ÖZÇAY','(538)7188798','(537)3709169','TÜRKİYE','MERSİN','TOROSLAR','ÇİFTÇİLER MAH.1106. SOKAK NO:80 119733 TOROSLAR/MERSİN',10,27246,'GENCLIK VE NAMAZ','KITAPLAR','EV','KITAP-DERGI-KIRTASIYE','KITAP','KITAPLAR',10,5.9061,59.0608,'2019-02-24','21:36:22',2019,'02.ŞUB','07.PAZ'),(56,'H_HVSEYIN','Hasan Hüseyin ÖZÇAY','(538)7188798','(537)3709169','TÜRKİYE','MERSİN','TOROSLAR','ÇİFTÇİLER MAH.1106. SOKAK NO:80 119733 TOROSLAR/MERSİN',10,20167,'IPEK SALCA DOMATES 1 KG','IPEK','GIDA','HAZIR YEMEK-KONSERVE-SALCA','SALCA','DOMATES',8,6.4880,51.9039,'2019-02-24','21:36:22',2019,'02.ŞUB','07.PAZ'),(57,'H_HVSEYIN','Hasan Hüseyin ÖZÇAY','(538)7188798','(537)3709169','TÜRKİYE','MERSİN','TOROSLAR','ÇİFTÇİLER MAH.1106. SOKAK NO:80 119733 TOROSLAR/MERSİN',10,27853,'GEZER 10698.01 PU ZENNE *12* ','GEZER','EV','TEKSTIL-GIYIM-AKSESUAR','AYAKKABI-TERLIK','AYAK GIYIM',10,15.2004,152.0042,'2019-02-24','21:36:22',2019,'02.ŞUB','07.PAZ'),(58,'S_SOYDOGAN','Sevgi SOYDOĞAN','(505)9223972','(542)5406593','TÜRKİYE','BİLECİK','BİLECİK MERKEZ','ERTUĞRULGAZİ MAH.ELMALI SOKAK NO:523 84325 BİLECİK MERKEZ/BİLECİK',11,28286,'LUKS','KITAPLAR','EV','KITAP-DERGI-KIRTASIYE','KITAP','KITAPLAR',7,5.7646,40.3519,'2019-07-06','22:47:27',2019,'07.TEM','06.CMT'),(59,'S_SOYDOGAN','Sevgi SOYDOĞAN','(505)9223972','(542)5406593','TÜRKİYE','BİLECİK','BİLECİK MERKEZ','ERTUĞRULGAZİ MAH.ELMALI SOKAK NO:523 84325 BİLECİK MERKEZ/BİLECİK',11,4591,'PENSAN MY-PEN VISION RENKLI KALEM','KIRTASIYELER','EV','KITAP-DERGI-KIRTASIYE','KIRTASIYE','KIRTASIYE GERECLERI',2,1.3812,2.7624,'2019-07-06','22:47:27',2019,'07.TEM','06.CMT'),(60,'S_SOYDOGAN','Sevgi SOYDOĞAN','(505)9223972','(542)5406593','TÜRKİYE','BİLECİK','BİLECİK MERKEZ','ERTUĞRULGAZİ MAH.ELMALI SOKAK NO:523 84325 BİLECİK MERKEZ/BİLECİK',11,13020,'KIRTA.PLUS K.MAVI ZIMBA ','KIRTASIYELER','EV','KITAP-DERGI-KIRTASIYE','KIRTASIYE','KIRTASIYE GERECLERI',2,1.0716,2.1433,'2019-07-06','22:47:27',2019,'07.TEM','06.CMT'),(61,'S_SOYDOGAN','Sevgi SOYDOĞAN','(505)9223972','(542)5406593','TÜRKİYE','BİLECİK','BİLECİK MERKEZ','ERTUĞRULGAZİ MAH.ELMALI SOKAK NO:523 84325 BİLECİK MERKEZ/BİLECİK',11,38113,'GEZER TERLIK FILET BABET 6451000','GEZER','EV','TEKSTIL-GIYIM-AKSESUAR','AYAKKABI-TERLIK','AYAK GIYIM',2,8.4926,16.9852,'2019-07-06','22:47:27',2019,'07.TEM','06.CMT'),(62,'S_SOYDOGAN','Sevgi SOYDOĞAN','(505)9223972','(542)5406593','TÜRKİYE','BİLECİK','BİLECİK MERKEZ','ERTUĞRULGAZİ MAH.ELMALI SOKAK NO:523 84325 BİLECİK MERKEZ/BİLECİK',11,41346,'SAKARYA','KITAPLAR','EV','KITAP-DERGI-KIRTASIYE','KITAP','KITAPLAR',2,9.0909,18.1817,'2019-07-06','22:47:27',2019,'07.TEM','06.CMT'),(63,'N_TEPKI','Neriman TEPKİ','(543)7174397','(543)7929048','TÜRKİYE','BURSA','YILDIRIM','ÇINARÖNÜ MAH.1.AKDENİZ SOKAK NO:57 86165 YILDIRIM/BURSA',12,31954,'CANTA BOY KURANI KERIM MEALI ','KITAPLAR','EV','KITAP-DERGI-KIRTASIYE','KITAP','KITAPLAR',7,13.5729,95.0103,'2020-02-11','12:23:35',2020,'02.ŞUB','02.SAL'),(64,'N_TEPKI','Neriman TEPKİ','(543)7174397','(543)7929048','TÜRKİYE','BURSA','YILDIRIM','ÇINARÖNÜ MAH.1.AKDENİZ SOKAK NO:57 86165 YILDIRIM/BURSA',12,35775,'OYUNCAK CIFTLIK DUNYASI YUMURTALI ','OYUNCAK','OYUNCAK','ZEKA GELISTIRICI','OYUNCAKLAR','BEBE OYUNCAK',8,25.8732,206.9855,'2020-02-11','12:23:35',2020,'02.ŞUB','02.SAL'),(65,'N_TEPKI','Neriman TEPKİ','(543)7174397','(543)7929048','TÜRKİYE','BURSA','YILDIRIM','ÇINARÖNÜ MAH.1.AKDENİZ SOKAK NO:57 86165 YILDIRIM/BURSA',12,8808,'HIÇ ASKI FENA','KITAPLAR','EV','KITAP-DERGI-KIRTASIYE','KITAP','KITAPLAR',3,8.9635,26.8906,'2020-02-11','12:23:35',2020,'02.ŞUB','02.SAL'),(66,'N_TEPKI','Neriman TEPKİ','(543)7174397','(543)7929048','TÜRKİYE','BURSA','YILDIRIM','ÇINARÖNÜ MAH.1.AKDENİZ SOKAK NO:57 86165 YILDIRIM/BURSA',12,23721,'NFC BB CLEAN TEMIZLEME SUYU 200ML','NIVEA','KOZMETIK','KISISEL BAKIM','CILT BAKIM','TEMIZLEME JEL-KREM-PEELING',7,12.6593,88.6150,'2020-02-11','12:23:35',2020,'02.ŞUB','02.SAL'),(67,'N_TEPKI','Neriman TEPKİ','(543)7174397','(543)7929048','TÜRKİYE','BURSA','YILDIRIM','ÇINARÖNÜ MAH.1.AKDENİZ SOKAK NO:57 86165 YILDIRIM/BURSA',12,29718,'ETI FORM KRAKER PORTAKAL 30 GR *20*','ETI','GIDA','BISKUVI-CEREZ','BISKUVI','FORM BISKUVI',6,0.4548,2.7287,'2020-02-11','12:23:35',2020,'02.ŞUB','02.SAL'),(68,'N_TEPKI','Neriman TEPKİ','(543)7174397','(543)7929048','TÜRKİYE','BURSA','YILDIRIM','ÇINARÖNÜ MAH.1.AKDENİZ SOKAK NO:57 86165 YILDIRIM/BURSA',12,15473,'SLEEPY ISLAK HAV. 3X50\'LI GUL *12*','SLEEPY','KAGIT','ISLAK MENDIL-HAVLULAR','ISLAK HAVLU','BEYAZ',3,11.8949,35.6847,'2020-02-11','12:23:35',2020,'02.ŞUB','02.SAL'),(69,'N_TEPKI','Neriman TEPKİ','(543)7174397','(543)7929048','TÜRKİYE','BURSA','YILDIRIM','ÇINARÖNÜ MAH.1.AKDENİZ SOKAK NO:57 86165 YILDIRIM/BURSA',12,16942,'CANPED MESANE PEDI ORTA 12\'LI *12*','CANPED','KAGIT','HASTA BAKIM','HASTA BAKIM URUNLERI','KULOTLU PED',6,23.0394,138.2363,'2020-02-11','12:23:35',2020,'02.ŞUB','02.SAL'),(70,'N_TEPKI','Neriman TEPKİ','(543)7174397','(543)7929048','TÜRKİYE','BURSA','YILDIRIM','ÇINARÖNÜ MAH.1.AKDENİZ SOKAK NO:57 86165 YILDIRIM/BURSA',12,20223,'OYUNCAK NILOYA CAMASIR MAKINASI VE UTU ','OYUNCAK','OYUNCAK','ZEKA GELISTIRICI','OYUNCAKLAR','BEBE OYUNCAK',1,65.5498,65.5498,'2020-02-11','12:23:35',2020,'02.ŞUB','02.SAL'),(71,'M_KVCVKBAS','Mete KÜÇÜKBAŞ','(505)8659255','(538)4484023','TÜRKİYE','KASTAMONU','AZDAVAY','BAHÇELİEVLER MAH.AYANOĞLU SOKAK NO:526 98049 AZDAVAY/KASTAMONU',13,36219,'SEKER LILI INGILIZCE OGRENELIM','KITAPLAR','EV','KITAP-DERGI-KIRTASIYE','KITAP','KITAPLAR',4,2.5644,10.2576,'2019-09-02','11:29:28',2019,'09.EYL','01.PZT'),(72,'M_KVCVKBAS','Mete KÜÇÜKBAŞ','(505)8659255','(538)4484023','TÜRKİYE','KASTAMONU','AZDAVAY','BAHÇELİEVLER MAH.AYANOĞLU SOKAK NO:526 98049 AZDAVAY/KASTAMONU',13,19630,'TERLIK GEZER BEBE AYAKKABI            ','TERLIK','EV','TEKSTIL-GIYIM-AKSESUAR','AYAKKABI-TERLIK','AYAK GIYIM',5,13.7730,68.8649,'2019-09-02','11:29:28',2019,'09.EYL','01.PZT'),(73,'M_KVCVKBAS','Mete KÜÇÜKBAŞ','(505)8659255','(538)4484023','TÜRKİYE','KASTAMONU','AZDAVAY','BAHÇELİEVLER MAH.AYANOĞLU SOKAK NO:526 98049 AZDAVAY/KASTAMONU',13,26112,'PERI MASALLARI HAZINESI / 12 KITAP ','KITAPLAR','EV','KITAP-DERGI-KIRTASIYE','KITAP','KITAPLAR',8,0.8271,6.6165,'2019-09-02','11:29:28',2019,'09.EYL','01.PZT'),(74,'M_KVCVKBAS','Mete KÜÇÜKBAŞ','(505)8659255','(538)4484023','TÜRKİYE','KASTAMONU','AZDAVAY','BAHÇELİEVLER MAH.AYANOĞLU SOKAK NO:526 98049 AZDAVAY/KASTAMONU',13,24054,'ULKER 286-5 DIDO 3 LU 114 GR*24* ','ULKER','SEKERLEME','CIKOLATA-GOFRET','CIKOLATA','BAR VE KAPLAMALILAR',8,1.9559,15.6470,'2019-09-02','11:29:28',2019,'09.EYL','01.PZT'),(75,'M_KVCVKBAS','Mete KÜÇÜKBAŞ','(505)8659255','(538)4484023','TÜRKİYE','KASTAMONU','AZDAVAY','BAHÇELİEVLER MAH.AYANOĞLU SOKAK NO:526 98049 AZDAVAY/KASTAMONU',13,18916,'SERVE SWELL VERSATIL 07 ','KIRTASIYELER','EV','KITAP-DERGI-KIRTASIYE','KIRTASIYE','KIRTASIYE GERECLERI',4,1.5486,6.1944,'2019-09-02','11:29:28',2019,'09.EYL','01.PZT'),(76,'M_KVCVKBAS','Mete KÜÇÜKBAŞ','(505)8659255','(538)4484023','TÜRKİYE','KASTAMONU','AZDAVAY','BAHÇELİEVLER MAH.AYANOĞLU SOKAK NO:526 98049 AZDAVAY/KASTAMONU',13,12717,'H&SHOULDERS 400 ML HAS.SAC.DERISI *6*','H&SHOULDERS','KOZMETIK','DUS-BANYO','SAMPUANLAR','KREMSIZ SAMPUANLAR',6,12.0753,72.4519,'2019-09-02','11:29:28',2019,'09.EYL','01.PZT'),(77,'M_KVCVKBAS','Mete KÜÇÜKBAŞ','(505)8659255','(538)4484023','TÜRKİYE','KASTAMONU','AZDAVAY','BAHÇELİEVLER MAH.AYANOĞLU SOKAK NO:526 98049 AZDAVAY/KASTAMONU',13,4837,'ULKER ICIM KASAR  2000 GR *5*','ICIM','KAHVALTILIK','SUT-YOGURT-PEYNIR','PEYNIRLER','KASAR PEYNIRLER',2,51.4010,102.8020,'2019-09-02','11:29:28',2019,'09.EYL','01.PZT'),(78,'M_KVCVKBAS','Mete KÜÇÜKBAŞ','(505)8659255','(538)4484023','TÜRKİYE','KASTAMONU','AZDAVAY','BAHÇELİEVLER MAH.AYANOĞLU SOKAK NO:526 98049 AZDAVAY/KASTAMONU',13,26920,'SUDOR YUZ BOYASI 6LI','KIRTASIYELER','EV','KITAP-DERGI-KIRTASIYE','KIRTASIYE','KIRTASIYE GERECLERI',2,36.1691,72.3381,'2019-09-02','11:29:28',2019,'09.EYL','01.PZT'),(79,'M_KVCVKBAS','Mete KÜÇÜKBAŞ','(505)8659255','(538)4484023','TÜRKİYE','KASTAMONU','AZDAVAY','BAHÇELİEVLER MAH.AYANOĞLU SOKAK NO:526 98049 AZDAVAY/KASTAMONU',13,25784,'OYUNCAK VAK. SRT. POLIS ARABASI  ','OYUNCAK','OYUNCAK','ZEKA GELISTIRICI','OYUNCAKLAR','BEBE OYUNCAK',8,48.0968,384.7742,'2019-09-02','11:29:28',2019,'09.EYL','01.PZT'),(80,'A_KOKSALICI','Asiye KÖKSALICI','(541)9831212','(505)9898350','TÜRKİYE','ADANA','SEYHAN','REŞATBEY MAH.62006. SOKAK NO:533 78105 SEYHAN/ADANA',14,35434,'TAMEK KONS.YESIL FASU.1200 GR *12*','TAMEK','GIDA','HAZIR YEMEK-KONSERVE-SALCA','HAZIR YEMEK','TAZE FASULYE KONSERVELERI',6,5.4220,32.5322,'2019-07-12','10:00:20',2019,'07.TEM','05.CUM'),(81,'A_KOKSALICI','Asiye KÖKSALICI','(541)9831212','(505)9898350','TÜRKİYE','ADANA','SEYHAN','REŞATBEY MAH.62006. SOKAK NO:533 78105 SEYHAN/ADANA',14,23134,'AILEMLE PEYGAMBERIMI OGRENIYORUM','KITAPLAR','EV','KITAP-DERGI-KIRTASIYE','KITAP','KITAPLAR',3,3.1493,9.4478,'2019-07-12','10:00:20',2019,'07.TEM','05.CUM'),(82,'A_KOKSALICI','Asiye KÖKSALICI','(541)9831212','(505)9898350','TÜRKİYE','ADANA','SEYHAN','REŞATBEY MAH.62006. SOKAK NO:533 78105 SEYHAN/ADANA',14,7264,'F 099 FLORA LAVABO VE KUVET FIRCASI','FLORA','TEMIZLIK','EV TEMIZLEYICILER','TUVALET TEMIZLEYICILER','FIRCALAR',2,3.2907,6.5814,'2019-07-12','10:00:20',2019,'07.TEM','05.CUM'),(83,'A_KOKSALICI','Asiye KÖKSALICI','(541)9831212','(505)9898350','TÜRKİYE','ADANA','SEYHAN','REŞATBEY MAH.62006. SOKAK NO:533 78105 SEYHAN/ADANA',14,27502,'TITIZ TP-610 EXTRA FIRCA SAPI 120 CM ','TITIZ','TEMIZLIK','EV GERECLERI','EV PLASTIK GERECLERI','PLASTIK',5,8.4806,42.4029,'2019-07-12','10:00:20',2019,'07.TEM','05.CUM'),(84,'A_KOKSALICI','Asiye KÖKSALICI','(541)9831212','(505)9898350','TÜRKİYE','ADANA','SEYHAN','REŞATBEY MAH.62006. SOKAK NO:533 78105 SEYHAN/ADANA',14,44353,'SOSYAL BECERILERIN SERISI','KITAPLAR','EV','KITAP-DERGI-KIRTASIYE','KITAP','KITAPLAR',1,2.2993,2.2993,'2019-07-12','10:00:20',2019,'07.TEM','05.CUM'),(85,'A_KOKSALICI','Asiye KÖKSALICI','(541)9831212','(505)9898350','TÜRKİYE','ADANA','SEYHAN','REŞATBEY MAH.62006. SOKAK NO:533 78105 SEYHAN/ADANA',14,1855,'OB.D.FIR. PRO EXPERT STAGES 2-4 *96*','ORAL B','KOZMETIK','AGIZ BAKIM','DIS FIRCALARI-IPLER','FIRCALAR',2,19.6603,39.3205,'2019-07-12','10:00:20',2019,'07.TEM','05.CUM'),(86,'E_SAYLAM','Emrah SAYLAM','(536)1518788','(541)2066518','TÜRKİYE','KAHRAMANMARAŞ','KAHRAMANMARAŞ MERKEZ','KANUNİ MAH.38012. SOKAK NO:475 103982 KAHRAMANMARAŞ MERKEZ/KAHRAMANMARAŞ',15,25752,'PEROS YUZEY TEM. 2,5 LT PEMBE DUSLER *6*','PEROS','DETERJAN','EV TEMIZLEYICILER','YUZEY TEMIZLEYICILER','SIVI',3,9.3591,28.0772,'2019-12-27','08:17:40',2019,'12.ARA','05.CUM'),(87,'E_SAYLAM','Emrah SAYLAM','(536)1518788','(541)2066518','TÜRKİYE','KAHRAMANMARAŞ','KAHRAMANMARAŞ MERKEZ','KANUNİ MAH.38012. SOKAK NO:475 103982 KAHRAMANMARAŞ MERKEZ/KAHRAMANMARAŞ',15,12582,'VAKUMDA SURTMELI TASIYICI TIR.','OYUNCAK','OYUNCAK','ZEKA GELISTIRICI','OYUNCAKLAR','BEBE OYUNCAK',1,65.5027,65.5027,'2019-12-27','08:17:40',2019,'12.ARA','05.CUM'),(88,'E_SAYLAM','Emrah SAYLAM','(536)1518788','(541)2066518','TÜRKİYE','KAHRAMANMARAŞ','KAHRAMANMARAŞ MERKEZ','KANUNİ MAH.38012. SOKAK NO:475 103982 KAHRAMANMARAŞ MERKEZ/KAHRAMANMARAŞ',15,14847,'TERLIK GEZER ERKEK                    ','TERLIK','EV','TEKSTIL-GIYIM-AKSESUAR','AYAKKABI-TERLIK','AYAK GIYIM',10,8.1342,81.3423,'2019-12-27','08:17:40',2019,'12.ARA','05.CUM'),(89,'E_SAYLAM','Emrah SAYLAM','(536)1518788','(541)2066518','TÜRKİYE','KAHRAMANMARAŞ','KAHRAMANMARAŞ MERKEZ','KANUNİ MAH.38012. SOKAK NO:475 103982 KAHRAMANMARAŞ MERKEZ/KAHRAMANMARAŞ',15,24234,'FORMALI SILGI','KIRTASIYELER','EV','KITAP-DERGI-KIRTASIYE','KIRTASIYE','KIRTASIYE GERECLERI',10,1.4003,14.0034,'2019-12-27','08:17:40',2019,'12.ARA','05.CUM'),(90,'E_SAYLAM','Emrah SAYLAM','(536)1518788','(541)2066518','TÜRKİYE','KAHRAMANMARAŞ','KAHRAMANMARAŞ MERKEZ','KANUNİ MAH.38012. SOKAK NO:475 103982 KAHRAMANMARAŞ MERKEZ/KAHRAMANMARAŞ',15,3608,'PINAR KETCAP 600 GR KATKISIZ TATLI *6*','PINAR','GIDA','HAZIR YEMEK-KONSERVE-SALCA','KETCAP-MAYONEZ','KETCAPLAR',5,9.7886,48.9428,'2019-12-27','08:17:40',2019,'12.ARA','05.CUM'),(91,'E_SAYLAM','Emrah SAYLAM','(536)1518788','(541)2066518','TÜRKİYE','KAHRAMANMARAŞ','KAHRAMANMARAŞ MERKEZ','KANUNİ MAH.38012. SOKAK NO:475 103982 KAHRAMANMARAŞ MERKEZ/KAHRAMANMARAŞ',15,24458,'FLAMME 20X30 KECE 10 RENK','KIRTASIYELER','EV','KITAP-DERGI-KIRTASIYE','KIRTASIYE','KIRTASIYE GERECLERI',5,0.8844,4.4222,'2019-12-27','08:17:40',2019,'12.ARA','05.CUM'),(92,'E_SAYLAM','Emrah SAYLAM','(536)1518788','(541)2066518','TÜRKİYE','KAHRAMANMARAŞ','KAHRAMANMARAŞ MERKEZ','KANUNİ MAH.38012. SOKAK NO:475 103982 KAHRAMANMARAŞ MERKEZ/KAHRAMANMARAŞ',15,13065,'ULKER 1359-3 GOFRET CIK.5\'LI *24*','ULKER','SEKERLEME','CIKOLATA-GOFRET','GOFRET','CIKOLATALI',3,5.9768,17.9304,'2019-12-27','08:17:40',2019,'12.ARA','05.CUM'),(93,'E_SAYLAM','Emrah SAYLAM','(536)1518788','(541)2066518','TÜRKİYE','KAHRAMANMARAŞ','KAHRAMANMARAŞ MERKEZ','KANUNİ MAH.38012. SOKAK NO:475 103982 KAHRAMANMARAŞ MERKEZ/KAHRAMANMARAŞ',15,43188,'GUAJ BOYA TUP 7 LI','KIRTASIYELER','EV','KITAP-DERGI-KIRTASIYE','KIRTASIYE','KIRTASIYE GERECLERI',7,1.4215,9.9502,'2019-12-27','08:17:40',2019,'12.ARA','05.CUM'),(94,'Y_EMRE','Yunus Emre ÖZÜPEK','(541)2657238','(533)5299268','TÜRKİYE','KÜTAHYA','TAVŞANLI','MOYMUL MAH.KALE SOKAK NO:294 102242 TAVŞANLI/KÜTAHYA',16,20863,'PRIL BUL.MAK.PARLATICI 475 ML *12*','PRIL','DETERJAN','BULASIK YIKAMA','BULASIK MAKINASI URUNLERI','PARLATICI',2,1.3658,2.7317,'2020-02-22','17:21:37',2020,'02.ŞUB','06.CMT'),(95,'Y_EMRE','Yunus Emre ÖZÜPEK','(541)2657238','(533)5299268','TÜRKİYE','KÜTAHYA','TAVŞANLI','MOYMUL MAH.KALE SOKAK NO:294 102242 TAVŞANLI/KÜTAHYA',16,39284,'PELUS TISORTLU AYI 40 CM','OYUNCAK','OYUNCAK','ZEKA GELISTIRICI','OYUNCAKLAR','BEBE OYUNCAK',4,64.1546,256.6185,'2020-02-22','17:21:37',2020,'02.ŞUB','06.CMT'),(96,'Y_EMRE','Yunus Emre ÖZÜPEK','(541)2657238','(533)5299268','TÜRKİYE','KÜTAHYA','TAVŞANLI','MOYMUL MAH.KALE SOKAK NO:294 102242 TAVŞANLI/KÜTAHYA',16,25182,'TILLO 1013 TEM.SUNGERI','TILLO','TEMIZLIK','BULASIK YIKAMA','BULASIK SUNGERLERI','SUNGERLER',3,0.9250,2.7750,'2020-02-22','17:21:37',2020,'02.ŞUB','06.CMT'),(97,'Y_EMRE','Yunus Emre ÖZÜPEK','(541)2657238','(533)5299268','TÜRKİYE','KÜTAHYA','TAVŞANLI','MOYMUL MAH.KALE SOKAK NO:294 102242 TAVŞANLI/KÜTAHYA',16,10536,'BIOBLAS SAC DOK.BOY.SAC KREMI 200 ML *6*','BIOBLAS','KOZMETIK','DUS-BANYO','SAMPUANLAR','SAC KREMLERI',3,15.7015,47.1046,'2020-02-22','17:21:37',2020,'02.ŞUB','06.CMT'),(98,'Y_EMRE','Yunus Emre ÖZÜPEK','(541)2657238','(533)5299268','TÜRKİYE','KÜTAHYA','TAVŞANLI','MOYMUL MAH.KALE SOKAK NO:294 102242 TAVŞANLI/KÜTAHYA',16,5610,'ALGIDA MINI NOGGER MP','ALGIDA','SUT','DONDURMA-SUTLU TATLI','DONDURMALAR','KAPLI',5,20.7172,103.5860,'2020-02-22','17:21:37',2020,'02.ŞUB','06.CMT'),(99,'Y_EMRE','Yunus Emre ÖZÜPEK','(541)2657238','(533)5299268','TÜRKİYE','KÜTAHYA','TAVŞANLI','MOYMUL MAH.KALE SOKAK NO:294 102242 TAVŞANLI/KÜTAHYA',16,31275,'ULKER 834-9 SAKLIKOY FIND.KRM.100 GR*24*','ULKER','GIDA','BISKUVI-CEREZ','BISKUVI','BISKUVI',4,1.7394,6.9577,'2020-02-22','17:21:37',2020,'02.ŞUB','06.CMT'),(100,'Y_EMRE','Yunus Emre ÖZÜPEK','(541)2657238','(533)5299268','TÜRKİYE','KÜTAHYA','TAVŞANLI','MOYMUL MAH.KALE SOKAK NO:294 102242 TAVŞANLI/KÜTAHYA',16,22166,'ORAL B D.MAC.75 ML PRO ONARIM HAS.BEY. *12*','ORAL B','KOZMETIK','AGIZ BAKIM','DIS MACUNLARI','MACUNLAR',7,44.5717,312.0018,'2020-02-22','17:21:37',2020,'02.ŞUB','06.CMT');
/*!40000 ALTER TABLE `dbo.SALEORDERS` ENABLE KEYS */;
UNLOCK TABLES;

--
-- Table structure for table `dbo.TOWNS`
--

DROP TABLE IF EXISTS `dbo.TOWNS`;
/*!40101 SET @saved_cs_client     = @@character_set_client */;
/*!40101 SET character_set_client = utf8 */;
CREATE TABLE `dbo.TOWNS` (
  `ID` smallint(6) DEFAULT NULL,
  `CITYID` tinyint(4) DEFAULT NULL,
  `TOWN` varchar(21) DEFAULT NULL
) ENGINE=InnoDB DEFAULT CHARSET=utf8mb4;
/*!40101 SET character_set_client = @saved_cs_client */;

--
-- Dumping data for table `dbo.TOWNS`
--

LOCK TABLES `dbo.TOWNS` WRITE;
/*!40000 ALTER TABLE `dbo.TOWNS` DISABLE KEYS */;
INSERT INTO `dbo.TOWNS` VALUES (1,37,'ABANA'),(2,20,'ACIPAYAM'),(3,34,'ADALAR'),(4,1,'SEYHAN'),(5,2,'ADIYAMAN MERKEZ'),(6,13,'ADİLCEVAZ'),(7,46,'AFŞİN'),(8,3,'AFYONKARAHİSAR MERKEZ'),(9,15,'AĞLASUN'),(10,23,'AĞIN'),(11,4,'AĞRI MERKEZ'),(12,13,'AHLAT'),(13,61,'AKÇAABAT'),(14,44,'AKÇADAĞ'),(15,63,'AKÇAKALE'),(16,81,'AKÇAKOCA'),(17,66,'AKDAĞMADENİ'),(18,45,'AKHİSAR'),(19,52,'AKKUŞ'),(20,68,'AKSARAY MERKEZ'),(21,7,'AKSEKİ'),(22,42,'AKŞEHİR'),(23,54,'AKYAZI'),(24,19,'ALACA'),(25,55,'ALAÇAM'),(26,7,'ALANYA'),(27,45,'ALAŞEHİR'),(28,35,'ALİAĞA'),(29,60,'ALMUS'),(30,6,'ALTINDAĞ'),(31,31,'ALTINÖZÜ'),(32,43,'ALTINTAŞ'),(33,28,'ALUCRA'),(34,5,'AMASYA MERKEZ'),(35,33,'ANAMUR'),(36,46,'ANDIRIN'),(38,27,'ARABAN'),(39,37,'ARAÇ'),(40,61,'ARAKLI'),(41,76,'ARALIK'),(42,44,'ARAPGİR'),(43,75,'ARDAHAN MERKEZ'),(44,8,'ARDANUÇ'),(45,53,'ARDEŞEN'),(46,8,'ARHAVİ'),(47,44,'ARGUVAN'),(48,36,'ARPAÇAY'),(49,61,'ARSİN'),(50,60,'ARTOVA'),(51,8,'ARTVİN MERKEZ'),(52,25,'AŞKALE'),(53,32,'ATABEY'),(54,50,'AVANOS'),(55,57,'AYANCIK'),(56,6,'AYAŞ'),(57,52,'AYBASTI'),(58,9,'AYDIN MERKEZ'),(59,17,'AYVACIK/ÇANAKKALE'),(60,10,'AYVALIK'),(61,37,'AZDAVAY'),(62,39,'BABAESKİ'),(63,55,'BAFRA'),(64,80,'BAHÇE'),(65,34,'BAKIRKÖY'),(66,6,'BALA'),(67,10,'BALIKESİR MERKEZ'),(68,10,'BALYA'),(69,64,'BANAZ'),(70,10,'BANDIRMA'),(71,74,'BARTIN MERKEZ'),(72,23,'BASKİL'),(73,72,'BATMAN MERKEZ'),(74,65,'BAŞKALE'),(75,69,'BAYBURT MERKEZ'),(76,19,'BAYAT/ÇORUM'),(77,35,'BAYINDIR'),(78,56,'BAYKAN'),(79,17,'BAYRAMİÇ'),(80,35,'BERGAMA'),(81,2,'BESNİ'),(82,34,'BEŞİKTAŞ'),(83,72,'BEŞİRİ'),(84,34,'BEYKOZ'),(85,34,'BEYOĞLU'),(86,6,'BEYPAZARI'),(87,42,'BEYŞEHİR'),(88,73,'BEYTÜŞŞEBAP'),(89,17,'BİGA'),(90,10,'BİGADİÇ'),(91,11,'BİLECİK MERKEZ'),(92,12,'BİNGÖL MERKEZ'),(93,63,'BİRECİK'),(94,21,'BİSMİL'),(95,13,'BİTLİS MERKEZ'),(96,48,'BODRUM'),(97,66,'BOĞAZLIYAN'),(98,14,'BOLU MERKEZ'),(99,3,'BOLVADİN'),(100,51,'BOR'),(101,8,'BORÇKA');
/*!40000 ALTER TABLE `dbo.TOWNS` ENABLE KEYS */;
UNLOCK TABLES;

--
-- Table structure for table `dbo.USERS`
--

DROP TABLE IF EXISTS `dbo.USERS`;
/*!40101 SET @saved_cs_client     = @@character_set_client */;
/*!40101 SET character_set_client = utf8 */;
CREATE TABLE `dbo.USERS` (
  `ID` smallint(6) DEFAULT NULL,
  `USERNAME_` varchar(26) DEFAULT NULL,
  `PASSWORD_` varchar(29) DEFAULT NULL,
  `NAMESURNAME` varchar(28) DEFAULT NULL,
  `EMAIL` varchar(43) DEFAULT NULL,
  `GENDER` varchar(1) DEFAULT NULL,
  `BIRTHDATE` varchar(10) DEFAULT NULL,
  `CREATEDDATE` varchar(19) DEFAULT NULL,
  `TELNR1` varchar(12) DEFAULT NULL,
  `TELNR2` varchar(12) DEFAULT NULL
) ENGINE=InnoDB DEFAULT CHARSET=utf8mb4;
/*!40101 SET character_set_client = @saved_cs_client */;

--
-- Dumping data for table `dbo.USERS`
--

LOCK TABLES `dbo.USERS` WRITE;
/*!40000 ALTER TABLE `dbo.USERS` DISABLE KEYS */;
INSERT INTO `dbo.USERS` VALUES (1,'N_OZSIMITCI','doropipa','Nazlıcan ÖZSİMİTÇİ','N_OZSIMITCI@sqlegitimbtk.com','K','1951-12-29','2018-07-25 01:35:35','(555)3852463','(532)5898448'),(2,'E_SELIM','xpais','Emirhan SELİM','E_SELIM@sqlegitimbtk.com','E','1993-01-21','2018-07-28 01:35:35','(543)9894233','(534)8242021'),(3,'S_VLGEN','4042521','Soner ÜLGEN','S_VLGEN@sqlegitimbtk.com','E','1940-12-30','2018-07-29 01:35:35','(534)9377724','(544)1214495'),(4,'C_BORKLV','audraia','Çetin BÖRKLÜ','C_BORKLV@sqlegitimbtk.com','E','1946-09-28','2018-07-30 01:35:35','(553)7748268','(505)9661278'),(5,'E_IBUKVRTVNCV','translatlantic','Ezgi İBUKÜRTÜNCÜ','E_IBUKVRTVNCV@sqlegitimbtk.com','K','1985-02-16','2018-07-31 01:35:36','(537)7721023','(554)1253351'),(6,'H_VREGIL','happy2shoes','Hazal ÜREGİL','H_VREGIL@sqlegitimbtk.com','K','1999-10-19','2018-08-01 01:35:36','(555)5338918','(543)6486175'),(7,'A_SUYUR','im_nthelordsarmy','Aykut SUYUR','A_SUYUR@sqlegitimbtk.com','E','1964-05-17','2018-08-02 01:35:36','(533)9241683','(542)7216988'),(8,'O_KIRIT','sugarandspice39','Onur KIRIT','O_KIRIT@sqlegitimbtk.com','E','1972-02-25','2018-08-03 01:35:36','(533)4173988','(554)7592883'),(9,'S_TVKEZIM','xtremelyhot','Songül TÜKEZİM','S_TVKEZIM@sqlegitimbtk.com','K','1983-01-28','2018-08-04 01:35:36','(532)6881880','(541)3476069'),(10,'B_PIRINCAL','swissroute','Berkay PİRİNÇAL','B_PIRINCAL@sqlegitimbtk.com','E','1963-08-06','2018-08-05 01:35:36','(505)1562924','(541)5067023'),(11,'A_GVLDV','brielle.971','Anıl GÜLDÜ','A_GVLDV@sqlegitimbtk.com','E','1941-12-06','2018-08-06 01:35:36','(505)5791538','(555)5784448'),(12,'S_OKCE','minidailydisplaypad','Sami ÖKÇE','S_OKCE@sqlegitimbtk.com','E','1993-04-03','2018-08-08 01:35:37','(533)4273461','(534)6898985'),(13,'M_AGACKESEN','!@#184','Muzaffer AĞAÇKESEN','M_AGACKESEN@sqlegitimbtk.com','E','1950-04-28','2018-08-09 01:35:37','(533)9354418','(505)7756381'),(14,'N_HAYDARV','srige','Nimet HAYDARV','N_HAYDARV@sqlegitimbtk.com','K','1963-09-04','2018-08-10 01:35:37','(532)5485846','(544)7782154'),(15,'M_KALO','chocolatefireguardmusic','Mina KALO','M_KALO@sqlegitimbtk.com','K','1987-04-01','2018-08-11 01:35:37','(544)1563056','(542)8624279'),(16,'M_KATLAN','timothy cassel','Müzeyyen KATLAN','M_KATLAN@sqlegitimbtk.com','K','1983-04-24','2018-08-12 01:35:37','(533)8478167','(543)9157583'),(17,'M_OZYONVM','spanishpinkfloy','Miraç ÖZYÖNÜM','M_OZYONVM@sqlegitimbtk.com','E','1975-04-21','2018-08-13 01:35:38','(533)4332411','(532)8221340'),(18,'M_MIKYAZ','mamamia769','Mina MİKYAZ','M_MIKYAZ@sqlegitimbtk.com','K','1981-05-14','2018-08-14 01:35:38','(537)3527079','(505)2142174'),(19,'E_KIROGLU','disposaeddeadbodie','Erkan KIROGLU','E_KIROGLU@sqlegitimbtk.com','E','1975-04-23','2018-08-15 01:35:38','(543)3639054','(542)4728643'),(20,'R_AKSOZ','rcates05','Rojin AKSÖZ','R_AKSOZ@sqlegitimbtk.com','K','1948-11-14','2018-08-16 01:35:38','(542)8425512','(532)4217576'),(21,'F_DENIZALP','6c71ab','Fikret DENİZALP','F_DENIZALP@sqlegitimbtk.com','E','1995-03-17','2018-08-17 01:35:38','(533)4339562','(544)1803094'),(22,'E_KURUCU','angiesmybestfriend','Elifnur KURUCU','E_KURUCU@sqlegitimbtk.com','K','1979-02-11','2018-08-18 01:35:38','(532)1794162','(505)4251115'),(23,'S_ILIS','puecker','Sare İLİŞ','S_ILIS@sqlegitimbtk.com','K','1996-04-05','2018-08-20 01:35:39','(532)3165915','(538)5792945'),(24,'T_GOKSUN','8ad91c','Tülin GÖKSUN','T_GOKSUN@sqlegitimbtk.com','K','1972-09-27','2018-08-21 01:35:39','(541)4306392','(536)3823187'),(25,'R_NURALAN','thebandofmercysnow','Remzi NURALAN','R_NURALAN@sqlegitimbtk.com','E','1947-03-22','2018-08-22 01:35:39','(543)3859093','(555)5977452'),(26,'E_NAZ','ierotnak','Elif naz DABANLIOĞLU','E_NAZ@sqlegitimbtk.com','K','1966-12-25','2018-08-22 01:35:39','(533)9822212','(544)9446232'),(27,'A_GVNESDOGDU','ra.yray','Abdurrahman GÜNEŞDOĞDU','A_GVNESDOGDU@sqlegitimbtk.com','E','1982-08-21','2018-08-23 01:35:39','(532)9588888','(532)7208953'),(28,'M_AYDOGMUS','daddygirl459','Muzaffer AYDOĞMUŞ','M_AYDOGMUS@sqlegitimbtk.com','E','1974-06-25','2018-08-24 01:35:39','(535)3875490','(505)7622949'),(29,'N_ORNEK','akwraa','Nazlı ÖRNEK','N_ORNEK@sqlegitimbtk.com','K','1949-08-24','2018-08-25 01:35:39','(537)3527849','(533)6897543'),(30,'S_SAPCI','wa11e+5','Serdar ŞAPÇI','S_SAPCI@sqlegitimbtk.com','E','1961-02-11','2018-08-26 01:35:40','(554)1355353','(544)4796414'),(31,'A_INCECIK','pepett1697','Ali İNCECİK','A_INCECIK@sqlegitimbtk.com','E','1949-10-12','2018-08-27 01:35:40','(544)3267920','(532)8259521'),(32,'A_ABDELKADER','ziara505','Ayşe ABDELKADER','A_ABDELKADER@sqlegitimbtk.com','K','1996-11-01','2018-08-28 01:35:40','(505)7329727','(541)1279123'),(33,'R_ERTURGUT','imaloserbaby02','Rıza ERTURGUT','R_ERTURGUT@sqlegitimbtk.com','E','1991-08-27','2018-08-29 01:35:40','(533)5718294','(541)6844835'),(34,'Z_BIRICIKLIOGLU','1924400','Zeki BİRİCİKLİOĞLU','Z_BIRICIKLIOGLU@sqlegitimbtk.com','E','1995-01-16','2018-08-31 01:35:40','(505)1154331','(537)7516218'),(35,'H_VOLKAN','mikewoodpush','Hüseyin VOLKAN','H_VOLKAN@sqlegitimbtk.com','E','1958-08-14','2018-09-01 01:35:40','(538)1192518','(543)6783163'),(36,'C_KARADAYI','ptdadon137','Çiğdem KARADAYI','C_KARADAYI@sqlegitimbtk.com','K','1970-09-23','2018-09-02 01:35:41','(537)5529836','(533)4398784'),(37,'E_SANHAL','naomi_akemi','Erol SANHAL','E_SANHAL@sqlegitimbtk.com','E','1957-09-23','2018-09-03 01:35:41','(536)2911490','(532)1589614'),(38,'A_AYNAOGLU','mizz_powell','Azat AYNAOĞLU','A_AYNAOGLU@sqlegitimbtk.com','E','1978-10-23','2018-09-04 01:35:41','(533)3274271','(505)7912035'),(39,'S_TASDEMIR','loire1588','Sudenaz TASDEMIR','S_TASDEMIR@sqlegitimbtk.com','K','1944-10-29','2018-09-05 01:35:41','(505)3483283','(554)6936086'),(40,'B_AKKOR','magic620','Birsen AKKOR','B_AKKOR@sqlegitimbtk.com','K','1950-06-01','2018-09-06 01:35:41','(505)1137074','(505)7016920'),(41,'G_BIKEC','the_simple','Gülsüm BİKEÇ','G_BIKEC@sqlegitimbtk.com','K','1970-07-22','2018-09-07 01:35:41','(534)7118717','(554)8248296'),(42,'H_KOKBULAK','e8cb7c','Hamdi KÖKBULAK','H_KOKBULAK@sqlegitimbtk.com','E','1946-09-30','2018-09-08 01:35:42','(555)1061682','(532)5129012'),(43,'S_AKCAN','counterconversion7','Sevda AKÇAN','S_AKCAN@sqlegitimbtk.com','K','1964-05-12','2018-09-10 01:35:42','(542)5255514','(532)3438190'),(44,'S_SERALI','dauno1','Sebahat ŞERALI','S_SERALI@sqlegitimbtk.com','K','1943-06-11','2018-09-11 01:35:42','(534)7157144','(532)2212126'),(45,'I_HAMIDI','miicccaaaa','Irmak HAMİDİ','I_HAMIDI@sqlegitimbtk.com','K','1973-11-13','2018-09-12 01:35:42','(533)2144819','(555)1183975'),(46,'S_KARIMAN','mederic936','Sabri KARİMAN','S_KARIMAN@sqlegitimbtk.com','E','1952-05-06','2018-09-13 01:35:42','(536)9088163','(532)9777077'),(47,'T_AKKOC','eisenbahnraeuber','Tuğçe AKKOÇ','T_AKKOC@sqlegitimbtk.com','K','1958-06-08','2018-09-14 01:35:42','(543)4243115','(533)6299636'),(48,'N_ERCAM','6359799','Necdet ERÇAM','N_ERCAM@sqlegitimbtk.com','E','1986-05-22','2018-09-15 01:35:43','(532)6896237','(534)2924742'),(49,'A_INCIKAPI','rawetuk972','Ahmet İNCİKAPI','A_INCIKAPI@sqlegitimbtk.com','E','1991-05-28','2018-09-16 01:35:43','(532)2414618','(538)8459085'),(50,'A_TEMELOGLU','4underhive','Arif TEMELOĞLU','A_TEMELOGLU@sqlegitimbtk.com','E','1967-12-11','2018-09-17 01:35:43','(554)5504524','(534)6379277'),(51,'E_OZCELIKBAS','usama siam','Elif ÖZÇELİKBAŞ','E_OZCELIKBAS@sqlegitimbtk.com','K','1993-06-06','2018-09-18 01:35:43','(536)9014627','(544)3937372'),(52,'A_EYMEN','kamilek19864','Ali Eymen DEVE','A_EYMEN@sqlegitimbtk.com','E','1985-01-23','2018-09-19 01:35:43','(533)8082176','(538)4811026'),(53,'M_ALI','francisconolin','Muhammed Ali ABDULLAH','M_ALI@sqlegitimbtk.com','E','1987-05-07','2018-09-20 01:35:43','(536)4359524','(532)3864478'),(54,'N_DEVE','yishinsai','Nazife DEVE','N_DEVE@sqlegitimbtk.com','K','1967-10-13','2018-09-20 01:35:43','(544)4103052','(532)6154260'),(55,'C_KAZIKLI','ba9240','Cuma KAZIKLI','C_KAZIKLI@sqlegitimbtk.com','E','1971-03-13','2018-09-21 01:35:44','(535)4833112','(536)8179732'),(56,'I_HAVAS','b676cb','İhsan HAVAS','I_HAVAS@sqlegitimbtk.com','E','1955-04-12','2018-09-22 01:35:44','(553)5057096','(555)2141827'),(57,'D_DOKUYUCU','sweetiepie462','Dilan DOKUYUCU','D_DOKUYUCU@sqlegitimbtk.com','K','1993-01-21','2018-09-23 01:35:44','(538)8929868','(534)4275461'),(58,'S_OZBAY','moritzhof','Selim ÖZBAY','S_OZBAY@sqlegitimbtk.com','E','1992-10-02','2018-09-24 01:35:44','(535)5906635','(533)4273519'),(59,'Y_AGAGVL','jmlilli1998','Yasin AĞAGÜL','Y_AGAGVL@sqlegitimbtk.com','E','1979-10-19','2018-09-25 01:35:44','(532)6102663','(537)3381012'),(60,'M_EMIR','d&eacute;peuplai777','Mehmet Emir SERÇE','M_EMIR@sqlegitimbtk.com','E','1997-08-29','2018-09-26 01:35:44','(536)2742960','(535)2433099'),(61,'O_FARUK','@80r+!ve1y','Ömer Faruk KOCANOĞLU','O_FARUK@sqlegitimbtk.com','E','1952-08-11','2018-09-27 01:35:44','(505)2104214','(537)9468480'),(62,'O_KVCVKIRAVUL','blondie1436','Özcan KÜÇÜKİRAVUL','O_KVCVKIRAVUL@sqlegitimbtk.com','E','1971-10-08','2018-09-28 01:35:44','(537)4302759','(553)9686641'),(63,'G_FERAK','superparamount3','Gökçe FERAK','G_FERAK@sqlegitimbtk.com','K','1952-06-23','2018-09-29 01:35:45','(554)8513741','(553)6568845'),(64,'N_TVRKSARI','colombia1610','Nazmiye TÜRKSARI','N_TVRKSARI@sqlegitimbtk.com','K','1964-07-17','2018-09-30 01:35:45','(544)5726343','(533)8437788'),(65,'N_SAHAN','aphillipsrn','Naz SAHAN','N_SAHAN@sqlegitimbtk.com','K','1975-10-21','2018-10-01 01:35:45','(541)7399820','(544)7642634'),(66,'E_CANLI','3380117','Eren CANLI','E_CANLI@sqlegitimbtk.com','E','1970-01-06','2018-10-02 01:35:45','(542)2455386','(532)9362663'),(67,'K_SUNGURLU','imjustmexxx','Kübra SUNGURLU','K_SUNGURLU@sqlegitimbtk.com','K','1985-02-11','2018-10-03 01:35:45','(532)4634688','(535)1196870'),(68,'O_EYYVBOGLU','gregorychan','Onur EYYÜBOĞLU','O_EYYVBOGLU@sqlegitimbtk.com','E','1945-09-29','2018-10-04 01:35:45','(537)9702529','(536)4471784'),(69,'M_MADENVS','splat ~ <===q','Mete MADENÜS','M_MADENVS@sqlegitimbtk.com','E','1972-01-21','2018-10-05 01:35:45','(537)5249262','(535)7299820'),(70,'M_EMIN','7974281','Muhammed Emin SARIGÖL','M_EMIN@sqlegitimbtk.com','E','1985-06-26','2018-10-06 01:35:46','(543)6106922','(538)6701551'),(71,'D_BARISCAKIR','biblesandbridles','Demet BARIŞÇAKIR','D_BARISCAKIR@sqlegitimbtk.com','K','1996-08-30','2018-10-07 01:35:46','(554)5679549','(537)1126317'),(72,'H_BABAN','morropunk','Habibe BABAN','H_BABAN@sqlegitimbtk.com','K','1948-01-27','2018-10-08 01:35:46','(555)1232149','(535)6068395'),(73,'C_KAHVECILER','h0m00u$ia$t','Cengiz KAHVECİLER','C_KAHVECILER@sqlegitimbtk.com','E','1973-02-17','2018-10-09 01:35:46','(544)1878768','(553)1409272'),(74,'P_BASARA','vrhdyttivt','Pakize BAŞARA','P_BASARA@sqlegitimbtk.com','K','1959-10-22','2018-10-10 01:35:46','(535)7711912','(553)7415530'),(75,'S_NEYAL','1 mckinsey','Savaş NEYAL','S_NEYAL@sqlegitimbtk.com','E','1963-07-02','2018-10-11 01:35:46','(544)8229738','(541)5957169'),(76,'B_KACAROGLU','ivan12051997','Bülent KAÇAROĞLU','B_KACAROGLU@sqlegitimbtk.com','E','1995-01-09','2018-10-12 01:35:46','(554)6844639','(541)5324664'),(77,'H_TERKES','tony3dice','Helin TERKES','H_TERKES@sqlegitimbtk.com','K','1975-12-16','2018-10-13 01:35:47','(541)8354727','(542)7223744'),(78,'Z_HATAY','topo_gigio','Zekiye HATAY','Z_HATAY@sqlegitimbtk.com','K','1989-04-23','2018-10-14 01:35:47','(537)1027334','(544)6129721'),(79,'A_KISE','goodvaibs','Arya KİSE','A_KISE@sqlegitimbtk.com','K','1994-05-25','2018-10-15 01:35:47','(542)2102764','(555)5583072'),(80,'N_CITIRAK','8bb064','Nimet ÇITIRAK','N_CITIRAK@sqlegitimbtk.com','K','1964-08-08','2018-10-16 01:35:47','(536)9526216','(536)3863671'),(81,'E_NUR','1197tinti','Ela nur SEREK','E_NUR@sqlegitimbtk.com','K','1994-01-11','2018-10-17 01:35:47','(544)2251131','(538)3066585'),(82,'A_OZCIL','pianger!','Ayhan ÖZÇİL','A_OZCIL@sqlegitimbtk.com','E','1963-11-08','2018-10-18 01:35:47','(543)2007274','(534)1062665'),(83,'A_ONVR','timothystonejr','Azad ÖNÜR','A_ONVR@sqlegitimbtk.com','E','1989-03-23','2018-10-19 01:35:47','(532)7551426','(542)2487070'),(84,'S_KAMURAN','digestivenessing','Sude KAMURAN','S_KAMURAN@sqlegitimbtk.com','K','1967-12-23','2018-10-19 01:35:47','(554)8591714','(541)4484973'),(85,'O_DERILIOGLU','decafdh','Özkan DERİLİOĞLU','O_DERILIOGLU@sqlegitimbtk.com','E','1996-06-02','2018-10-20 01:35:48','(553)2831462','(533)6133643'),(86,'C_DOLAR','engelchen2102','Can DOLAR','C_DOLAR@sqlegitimbtk.com','E','1986-05-20','2018-10-21 01:36:31','(555)1885437','(538)4035057'),(87,'H_DEMIRKAPI','amingow','Haydar DEMİRKAPI','H_DEMIRKAPI@sqlegitimbtk.com','E','1944-09-12','2018-10-22 01:36:31','(555)3725879','(541)9415723'),(88,'N_NUR','convulsionnerions1989','Nisa nur DUYSAK','N_NUR@sqlegitimbtk.com','K','1974-11-19','2018-10-23 01:36:31','(536)3952399','(505)8132218'),(89,'N_INAT','pacou369','Naciye İNAT','N_INAT@sqlegitimbtk.com','K','1946-05-06','2018-10-24 01:36:32','(534)4485857','(541)5107064'),(90,'C_KOKSALICI','ray_rodriguez_','Canan KÖKSALICI','C_KOKSALICI@sqlegitimbtk.com','K','1976-06-11','2018-10-25 01:36:32','(544)2976961','(543)2062858'),(91,'B_SALPAL','0628887','Baran SALPAL','B_SALPAL@sqlegitimbtk.com','E','1965-03-04','2018-10-26 01:36:32','(533)3748553','(542)1814083'),(92,'A_TVTNCV','photogod','Azra TÜTNCÜ','A_TVTNCV@sqlegitimbtk.com','K','1977-01-01','2018-10-27 01:36:32','(534)6093597','(537)4311757'),(93,'M_TVTER','antdog101','Mira TÜTER','M_TVTER@sqlegitimbtk.com','K','1967-08-10','2018-10-28 01:36:32','(532)7625030','(553)1299626'),(94,'B_OZCAGLI','5762017','Barış ÖZÇAĞLI','B_OZCAGLI@sqlegitimbtk.com','E','1956-10-29','2018-10-29 01:36:32','(543)7266495','(505)1007558'),(95,'I_BOLVK','mw9no9','İsa BÖLÜK','I_BOLVK@sqlegitimbtk.com','E','1976-08-17','2018-10-30 01:36:33','(535)7417791','(541)1815266'),(96,'A_VAPUR','lgdrake','Ada VAPUR','A_VAPUR@sqlegitimbtk.com','K','1949-01-18','2018-10-31 01:36:33','(532)6239599','(532)9787325'),(97,'N_ALNIACIK','sniderdairy','Naciye ALNIAÇIK','N_ALNIACIK@sqlegitimbtk.com','K','1963-05-03','2018-11-01 01:36:33','(505)4317346','(536)7056660'),(98,'S_ADACAN','ashleyborchardt','Şengül ADACAN','S_ADACAN@sqlegitimbtk.com','K','1944-06-14','2018-11-02 01:36:33','(533)4223629','(543)5521543'),(99,'E_ALSAN','shaehoskins','Emel ALSAN','E_ALSAN@sqlegitimbtk.com','K','1972-08-10','2018-11-04 01:36:33','(505)9699771','(533)6485723'),(100,'G_NURKAN','teyng','Güler NURKAN','G_NURKAN@sqlegitimbtk.com','K','1987-03-21','2018-11-05 01:36:33','(535)5315474','(537)2322143');
/*!40000 ALTER TABLE `dbo.USERS` ENABLE KEYS */;
UNLOCK TABLES;

--
-- Table structure for table `dbo.sysdiagrams`
--

DROP TABLE IF EXISTS `dbo.sysdiagrams`;
/*!40101 SET @saved_cs_client     = @@character_set_client */;
/*!40101 SET character_set_client = utf8 */;
CREATE TABLE `dbo.sysdiagrams` (
  `name` varchar(0) DEFAULT NULL,
  `principal_id` varchar(0) DEFAULT NULL,
  `diagram_id` varchar(0) DEFAULT NULL,
  `version` varchar(0) DEFAULT NULL,
  `definition` varchar(0) DEFAULT NULL
) ENGINE=InnoDB DEFAULT CHARSET=utf8mb4;
/*!40101 SET character_set_client = @saved_cs_client */;

--
-- Dumping data for table `dbo.sysdiagrams`
--

LOCK TABLES `dbo.sysdiagrams` WRITE;
/*!40000 ALTER TABLE `dbo.sysdiagrams` DISABLE KEYS */;
/*!40000 ALTER TABLE `dbo.sysdiagrams` ENABLE KEYS */;
UNLOCK TABLES;
/*!40103 SET TIME_ZONE=@OLD_TIME_ZONE */;

/*!40101 SET SQL_MODE=@OLD_SQL_MODE */;
/*!40014 SET FOREIGN_KEY_CHECKS=@OLD_FOREIGN_KEY_CHECKS */;
/*!40014 SET UNIQUE_CHECKS=@OLD_UNIQUE_CHECKS */;
/*!40101 SET CHARACTER_SET_CLIENT=@OLD_CHARACTER_SET_CLIENT */;
/*!40101 SET CHARACTER_SET_RESULTS=@OLD_CHARACTER_SET_RESULTS */;
/*!40101 SET COLLATION_CONNECTION=@OLD_COLLATION_CONNECTION */;
/*!40111 SET SQL_NOTES=@OLD_SQL_NOTES */;

-- Dump completed on 2024-04-30 16:42:48
